{"stats":{"minecraft:picked_up":{"minecraft:iron_chestplate":3,"minecraft:crafting_table":18,"minecraft:flower_pot":2,"minecraft:ladder":6,"minecraft:golden_pickaxe":2,"minecraft:smithing_table":5,"minecraft:wooden_pickaxe":1,"alexscaves:cave_tablet":9,"minecraft:oak_stairs":27,"minecraft:wither_rose":16,"spartanweaponry:golden_saber":2,"minecraft:chain":4,"minecraft:shield":3,"minecraft:polished_deepslate":12,"minecraft:string":52,"minecraft:raw_copper":20,"minecraft:iron_axe":2,"artifacts:power_glove":1,"minecraft:flint_and_steel":2,"minecraft:iron_leggings":3,"minecraft:oak_sign":8,"minecraft:beetroot":8,"graveyard:corruption":3,"minecraft:gold_nugget":103,"minecraft:cobbled_deepslate":195,"minecraft:calcite":9,"minecraft:iron_pickaxe":1,"minecraft:lectern":6,"minecraft:melon_slice":6,"minecraft:iron_boots":2,"minecraft:furnace":11,"minecraft:stick":28,"minecraft:raw_iron":94,"iceandfire:ghost_chest":6,"minecraft:deepslate_brick_wall":6,"minecraft:oak_fence":3,"artifacts:vampiric_glove":4,"minecraft:cookie":2,"minecraft:redstone":104,"minecraft:tnt":3,"artifacts:lucky_scarf":2,"minecraft:arrow":23,"artifacts:cowboy_hat":4,"iceandfire:silver_ingot":20,"minecraft:rotten_flesh":42,"aether:chainmail_gloves":7,"minecraft:polished_basalt":21,"artifacts:cross_necklace":5,"minecraft:gold_ingot":12,"minecraft:skeleton_skull":23,"alexsmobs:lobster_tail":2,"minecraft:cobblestone":8,"minecraft:stripped_oak_log":2,"artifacts:onion_ring":1,"minecraft:flint":1,"alexsmobs:bear_fur":6,"alexscaves:cave_book":1,"create:raw_zinc":117,"minecraft:tuff":2,"minecraft:oak_log":36,"iceandfire:ectoplasm":58,"artifacts:cloud_in_a_bottle":1,"minecraft:gunpowder":13,"minecraft:lapis_lazuli":354,"minecraft:paper":20,"man:cassette_1safetyinstructions":2,"wizards:wand_novice":1,"minecraft:bone":78,"minecraft:apple":17,"minecraft:bow":3,"minecraft:wheat_seeds":6,"minecraft:raw_gold":25,"minecraft:iron_ingot":71,"minecraft:stone_pickaxe":9,"artifacts:kitty_slippers":2,"minecraft:bamboo":14,"minecraft:gray_bed":3,"minecraft:oak_planks":687,"minecraft:book":389,"minecraft:gravel":1,"minecraft:sand":18,"minecraft:amethyst_shard":32,"minecraft:spruce_log":31,"minecraft:spider_eye":3,"alexsmobs:animal_dictionary":9,"minecraft:diamond_shovel":3,"minecraft:diamond":30,"iceandfire:silver_sword":12,"minecraft:soul_lantern":1,"minecraft:writable_book":6,"minecraft:iron_helmet":3,"minecraft:granite":14,"minecraft:bread":3,"minecraft:oak_sapling":55,"minecraft:coal":36,"iceandfire:raw_silver":8,"minecraft:diamond_pickaxe":4},"minecraft:broken":{"minecraft:golden_axe":1},"minecraft:used":{"minecraft:beetroot":8,"minecraft:oak_fence":1,"minecraft:writable_book":1,"iceandfire:silver_sword":226,"minecraft:polished_basalt":10,"minecraft:spruce_planks":3,"minecraft:shield":24,"minecraft:iron_chestplate":1,"minecraft:torch":3,"minecraft:tuff":2,"minecraft:granite":7,"alexsmobs:lobster_tail":1,"minecraft:iron_axe":9,"minecraft:oak_stairs":3,"minecraft:iron_boots":1,"minecraft:bow":7,"minecraft:oak_sapling":1,"minecraft:furnace":8,"minecraft:gray_bed":2,"minecraft:cobbled_deepslate":9,"minecraft:golden_axe":36,"minecraft:wheat_seeds":4,"minecraft:stone_pickaxe":96,"minecraft:oak_planks":22,"minecraft:wooden_pickaxe":8,"minecraft:cookie":4,"minecraft:crafting_table":6,"alexscaves:cave_book":1,"minecraft:wooden_hoe":6,"minecraft:diamond_pickaxe":136,"minecraft:apple":10,"minecraft:diamond_shovel":3,"minecraft:bread":1,"minecraft:gravel":1,"minecraft:cobblestone":5,"travelersbackpack:standard":3,"minecraft:pumpkin_pie":2,"alexsmobs:animal_dictionary":1,"minecraft:stripped_oak_log":2},"minecraft:custom":{"minecraft:interact_with_smithing_table":1,"minecraft:mob_kills":59,"minecraft:interact_with_crafting_table":30,"minecraft:open_barrel":45,"minecraft:leave_game":1,"minecraft:time_since_death":31308,"minecraft:climb_one_cm":2372,"minecraft:sprint_one_cm":243211,"minecraft:walk_one_cm":230896,"minecraft:damage_blocked_by_shield":1410,"minecraft:drop":49,"minecraft:play_time":118449,"minecraft:deaths":20,"minecraft:sneak_time":5891,"minecraft:walk_under_water_one_cm":366,"minecraft:interact_with_lectern":1,"minecraft:jump":1766,"minecraft:interact_with_blast_furnace":2,"minecraft:walk_on_water_one_cm":11260,"minecraft:total_world_time":118449,"minecraft:interact_with_furnace":36,"minecraft:interact_with_cartography_table":1,"minecraft:interact_with_loom":29,"minecraft:sleep_in_bed":2,"minecraft:time_since_rest":28418,"minecraft:damage_taken":7102,"minecraft:trigger_trapped_chest":4,"minecraft:damage_dealt":15097,"minecraft:swim_one_cm":3225,"minecraft:fly_one_cm":255163,"minecraft:open_chest":5,"minecraft:crouch_one_cm":15552,"minecraft:fall_one_cm":47591},"minecraft:crafted":{"minecraft:oak_planks":36,"minecraft:furnace":2,"minecraft:glass":12,"minecraft:iron_boots":1,"minecraft:stone_pickaxe":1,"minecraft:chest":1,"minecraft:golden_axe":1,"minecraft:crafting_table":3,"minecraft:spruce_planks":12,"travelersbackpack:backpack_tank":2,"minecraft:wooden_pickaxe":1,"travelersbackpack:standard":1,"minecraft:iron_helmet":1,"travelersbackpack:blue_sleeping_bag":1,"minecraft:air":194,"minecraft:blue_dye":2,"minecraft:white_wool":3,"minecraft:iron_chestplate":1,"minecraft:wooden_hoe":1,"minecraft:shield":1,"minecraft:stick":20,"minecraft:iron_ingot":38,"minecraft:blue_wool":2,"minecraft:gold_ingot":14,"minecraft:iron_leggings":1,"minecraft:torch":8,"iceandfire:silver_sword":1},"minecraft:killed":{"graveyard:skeleton_creeper":1,"minecraft:spider":5,"minecraft:skeleton":8,"artifacts:mimic":5,"graveyard:ghoul":2,"alexsmobs:grizzly_bear":1,"minecraft:creeper":4,"minecraft:zombie":9,"iceandfire:ghost":8},"minecraft:mined":{"create:deepslate_zinc_ore":23,"minecraft:tuff":3,"iceandfire:silver_ore":4,"minecraft:mossy_cobblestone":1,"minecraft:deepslate_diamond_ore":6,"minecraft:potted_bamboo":1,"minecraft:large_fern":1,"minecraft:furnace":6,"minecraft:iron_ore":15,"minecraft:cobbled_deepslate":1,"minecraft:deepslate_lapis_ore":9,"minecraft:deepslate_iron_ore":30,"minecraft:vine":1,"minecraft:oak_stairs":1,"minecraft:stripped_oak_log":2,"minecraft:stone":8,"minecraft:smithing_table":1,"minecraft:deepslate_redstone_ore":6,"minecraft:amethyst_cluster":2,"minecraft:crafting_table":1,"iceandfire:ghost_chest":1,"minecraft:tall_grass":1,"minecraft:deepslate_gold_ore":2,"minecraft:oak_planks":4,"minecraft:gray_bed":2,"minecraft:tnt":3,"minecraft:grass":10,"minecraft:oak_log":38,"minecraft:gravel":4,"minecraft:cobweb":1,"minecraft:deepslate":72,"minecraft:fern":1},"minecraft:killed_by":{"apollyon:the_infector":1,"graveyard:skeleton_creeper":1,"man:managgresive":2,"apollyon:the_damned":1,"alexsmobs:centipede_head":1,"minecraft:skeleton":2,"artifacts:mimic":1,"alexsmobs:grizzly_bear":3,"iceandfire:ghost":8},"minecraft:dropped":{"minecraft:iron_ingot":13,"minecraft:lapis_lazuli":1,"minecraft:tnt":3,"minecraft:crafting_table":1,"minecraft:iron_helmet":1,"iceandfire:ectoplasm":5,"spartanweaponry:golden_saber":2,"artifacts:lucky_scarf":1,"minecraft:gold_nugget":1,"minecraft:pumpkin_pie":7,"minecraft:oak_stairs":4,"minecraft:writable_book":2,"artifacts:kitty_slippers":2,"minecraft:soul_lantern":1,"minecraft:raw_iron":6,"minecraft:rotten_flesh":23,"wizards:wand_novice":1,"minecraft:oak_sign":8,"minecraft:flint_and_steel":2,"iceandfire:ghost_chest":1,"aether:chainmail_gloves":5,"iceandfire:silver_ingot":4,"artifacts:onion_ring":1,"minecraft:spider_eye":1,"minecraft:spruce_log":2,"minecraft:lectern":1}},"DataVersion":3465}