{"stats":{"minecraft:killed_by":{"man:managgresive":2,"apollyon:the_damned":1,"minecraft:skeleton":2,"minecraft:zombie":1,"apollyon:the_infector":2},"minecraft:dropped":{"minecraft:kelp":1,"minecraft:vine":1,"minecraft:wheat_seeds":1,"casinocraft:rulebook_4_1":1,"minecraft:cobblestone":1,"minecraft:lead":1,"man:cassette_1safetyinstructions":1,"minecraft:grass_block":1,"minecraft:diamond_sword":1,"minecraft:stone":1,"minecraft:seagrass":1,"minecraft:sandstone":1,"minecraft:string":2},"minecraft:picked_up":{"casinocraft:rulebook_3_3":1,"minecraft:leather":2,"minecraft:lead":1,"runes:crafting_altar":3,"minecraft:diamond_sword":1,"minecraft:wither_rose":1,"casinocraft:rulebook_3_2":2,"apollyon:the_infector_spawn_egg":1,"minecraft:dirt":2,"minecraft:lapis_lazuli":131,"minecraft:string":2,"wizards:staff_netherite_arcane":3,"minecraft:bone":2,"casinocraft:rulebook_1_1":3,"minecraft:wheat_seeds":1,"casinocraft:rulebook_4_2":1,"casinocraft:rulebook_6_1":1,"minecraft:egg":2,"minecraft:stone":1,"runes:arcane_stone":116,"minecraft:dandelion":2,"minecraft:sand":12,"wizards:arcane_spell_book":3,"spell_engine:spell_binding":1,"casinocraft:rulebook_4_1":2,"casinocraft:rulebook_2_2":1,"minecraft:cobblestone":6},"minecraft:used":{"apollyon:the_damned_spawn_egg":1,"apollyon:the_infector_spawn_egg":2,"minecraft:water_bucket":10,"minecraft:iron_ore":58,"minecraft:sandstone":142,"minecraft:stone":3931,"spell_engine:spell_binding":1,"alexscaves:spawn_egg_hullbreaker":1,"casinocraft:cardtable_wide_black":1,"wizards:staff_netherite_frost":3,"casinocraft:arcade_base_white":2,"minecraft:dirt":2,"minecraft:sand":60,"minecraft:vine":17,"casinocraft:arcade_slot_black":2,"casinocraft:cardtable_wide_cyan":1,"minecraft:coal_ore":124,"runes:crafting_altar":1,"alexscaves:spawn_egg_deep_one":1,"casinocraft:cardtable_base_pink":3,"casinocraft:arcade_slot_yellow":1,"minecraft:diamond_sword":30,"wizards:staff_netherite_arcane":63,"minecraft:cobblestone":19,"minecraft:magma_block":155,"casinocraft:cardtable_base_black":1,"minecraft:egg":5,"minecraft:kelp":38,"minecraft:seagrass":27},"minecraft:killed":{"cataclysm:deepling_angler":1,"minecraft:pig":1,"man:managgresive":1,"minecraft:spider":2,"minecraft:horse":2,"minecraft:skeleton":1,"minecraft:zombie":1,"cataclysm:lionfish":1,"apollyon:the_damned":1,"minecraft:cow":1},"minecraft:mined":{"minecraft:grass_block":5,"minecraft:tall_grass":7,"minecraft:grass":18},"minecraft:custom":{"minecraft:mob_kills":14,"minecraft:leave_game":6,"minecraft:time_since_death":3003,"minecraft:time_since_rest":3267,"minecraft:sprint_one_cm":32600,"minecraft:damage_taken":2445,"minecraft:walk_one_cm":51082,"minecraft:drop":13,"minecraft:damage_dealt":6263,"minecraft:swim_one_cm":25700,"minecraft:fly_one_cm":323598,"minecraft:crouch_one_cm":2268,"minecraft:play_time":251713,"minecraft:deaths":8,"minecraft:sneak_time":5625,"minecraft:walk_under_water_one_cm":856929,"minecraft:jump":714,"minecraft:walk_on_water_one_cm":78904,"minecraft:total_world_time":251713,"minecraft:fall_one_cm":16029}},"DataVersion":3465}