{"stats":{"minecraft:custom":{"minecraft:interact_with_crafting_table":98,"minecraft:open_barrel":62,"minecraft:leave_game":3,"minecraft:time_since_death":17778,"minecraft:damage_resisted":163,"minecraft:sprint_one_cm":563434,"minecraft:damage_blocked_by_shield":8574,"minecraft:drop":137,"minecraft:talked_to_villager":22,"minecraft:play_time":431083,"minecraft:deaths":34,"minecraft:jump":9512,"minecraft:walk_on_water_one_cm":51059,"minecraft:interact_with_furnace":183,"minecraft:traded_with_villager":41,"minecraft:interact_with_cartography_table":2,"minecraft:interact_with_loom":33,"minecraft:sleep_in_bed":5,"minecraft:waystone_activated":1,"minecraft:damage_dealt":50183,"minecraft:player_kills":1,"minecraft:crouch_one_cm":36652,"tombstone:undead_killed":19,"minecraft:interact_with_smithing_table":23,"minecraft:mob_kills":210,"minecraft:climb_one_cm":5338,"minecraft:walk_one_cm":554330,"minecraft:damage_dealt_absorbed":240,"minecraft:sneak_time":18044,"minecraft:walk_under_water_one_cm":89691,"minecraft:boat_one_cm":215460,"minecraft:interact_with_lectern":1,"minecraft:interact_with_blast_furnace":3,"minecraft:total_world_time":431083,"tombstone:raider_killed":4,"minecraft:time_since_rest":17584,"minecraft:damage_taken":13505,"minecraft:damage_absorbed":201,"minecraft:trigger_trapped_chest":4,"minecraft:swim_one_cm":138019,"minecraft:fly_one_cm":1624498,"minecraft:open_chest":75,"minecraft:fall_one_cm":365664},"minecraft:used":{"minecraft:beetroot":8,"minecraft:writable_book":1,"minecraft:iron_shovel":305,"minecraft:ladder":1,"minecraft:polished_basalt":10,"minecraft:chest":3,"minecraft:shield":113,"minecraft:iron_sword":279,"minecraft:rotten_flesh":2,"minecraft:iron_chestplate":2,"mowziesmobs:umvuthana_mask_bliss":3,"securitycraft:keypad_item":1,"minecraft:tuff":2,"alexsmobs:lobster_tail":1,"minecraft:villager_spawn_egg":2,"minecraft:lantern":1,"minecraft:iron_helmet":4,"minecraft:rabbit_stew":1,"minecraft:bow":23,"minecraft:oak_sapling":3,"minecraft:furnace":14,"minecraft:gray_bed":2,"minecraft:egg":1,"minecraft:diamond_boots":1,"minecraft:stone_pickaxe":96,"minecraft:oak_planks":40,"minecraft:wooden_pickaxe":8,"minecraft:redstone_block":2,"minecraft:cookie":4,"minecraft:golden_apple":2,"minecraft:sand":9,"alexscaves:cave_book":2,"minecraft:blast_furnace":4,"securitycraft:universal_block_remover":9,"minecraft:cobbled_deepslate_stairs":2,"minecraft:deepslate_brick_stairs":2,"minecraft:stone_button":8,"minecraft:bread":19,"alexscaves:nuclear_siren":1,"tombstone:grave_key":2,"minecraft:gravel":1,"minecraft:smithing_table":2,"minecraft:oak_boat":3,"securitycraft:briefcase":1,"minecraft:bone_meal":12,"minecraft:oak_fence":1,"iceandfire:silver_sword":454,"minecraft:spruce_planks":3,"minecraft:oak_door":3,"minecraft:torch":43,"minecraft:granite":7,"spartanweaponry:silver_battleaxe":3,"minecraft:iron_axe":398,"minecraft:oak_stairs":3,"minecraft:iron_boots":2,"tombstone:gift":4,"minecraft:cobbled_deepslate":42,"minecraft:enchanted_golden_apple":1,"minecraft:pointed_dripstone":6,"minecraft:golden_axe":36,"minecraft:iron_leggings":1,"minecraft:wheat_seeds":4,"minecraft:cartography_table":2,"minecraft:crafting_table":15,"minecraft:wooden_hoe":6,"minecraft:diamond_pickaxe":474,"minecraft:apple":14,"minecraft:diamond_shovel":3,"iceandfire:graveyard_soil":1,"minecraft:spruce_trapdoor":2,"minecraft:cobblestone":23,"travelersbackpack:standard":19,"minecraft:cooked_porkchop":13,"minecraft:bucket":10,"minecraft:glass_pane":1,"minecraft:pumpkin_pie":6,"alexsmobs:animal_dictionary":1,"minecraft:stripped_oak_log":2},"minecraft:broken":{"minecraft:iron_leggings":1,"iceandfire:silver_sword":1,"minecraft:iron_sword":1,"minecraft:bow":1,"minecraft:shield":3,"minecraft:golden_axe":1,"minecraft:iron_axe":1,"minecraft:iron_helmet":1},"minecraft:killed":{"minecraft:cave_spider":14,"graveyard:skeleton_creeper":1,"whispering_spirits:whispering_spirit":1,"minecraft:spider":8,"minecraft:skeleton":26,"minecraft:silverfish":2,"irons_spellbooks:summoned_skeleton":2,"artifacts:mimic":5,"minecraft:pig":20,"alexsmobs:grizzly_bear":1,"minecraft:zombie_villager":1,"minecraft:iron_golem":4,"irons_spellbooks:necromancer":2,"minecraft:creeper":12,"cataclysm:deepling_brute":1,"minecraft:zombie":25,"cataclysm:deepling":1,"iceandfire:pixie":2,"mowziesmobs:umvuthana_raptor":1,"apollyon:the_damned":4,"iceandfire:sea_serpent":1,"minecraft:cow":22,"irons_spellbooks:summoned_zombie":2,"alexsmobs:seagull":1,"alexscaves:nucleeper":1,"minecraft:phantom":4,"iceandfire:siren":4,"cataclysm:lionfish":1,"minecraft:drowned":1,"alexsmobs:bison":1,"iceandfire:hippocampus":2,"cataclysm:deepling_angler":1,"graveyard:ghoul":2,"mowziesmobs:umvuthana_follower_raptor":4,"alexsmobs:rhinoceros":1,"iceandfire:ghost":12,"minecraft:player":1},"minecraft:dropped":{"minecraft:lapis_lazuli":1,"minecraft:crafting_table":1,"travelersbackpack:iron_tier_upgrade":1,"iceandfire:ectoplasm":11,"create:crimsite":2,"irons_spellbooks:tarnished_helmet":1,"spartanweaponry:golden_saber":2,"travelersbackpack:standard":3,"alexsmobs:bison_fur":1,"iceandfire:graveyard_soil":8,"minecraft:flint":3,"minecraft:dirt":2,"mowziesmobs:umvuthana_mask_bliss":3,"minecraft:pumpkin_pie":10,"minecraft:writable_book":2,"minecraft:gold_nugget":1,"minecraft:sand":12,"minecraft:iron_pickaxe":2,"minecraft:gravel":3,"minecraft:compass":10,"minecraft:iron_nugget":1,"minecraft:cobbled_deepslate":23,"minecraft:wheat":32,"minecraft:soul_lantern":1,"minecraft:rotten_flesh":28,"minecraft:oak_planks":2,"minecraft:mossy_stone_brick_slab":1,"spartanweaponry:stone_battle_hammer":1,"create:asurine":1,"wizards:wand_novice":1,"minecraft:poppy":3,"travelersbackpack:gold_tier_upgrade":1,"iceandfire:ghost_chest":3,"travelersbackpack:white_sleeping_bag":1,"iceandfire:pixie_dust":4,"minecraft:acacia_sapling":10,"minecraft:ladder":3,"minecraft:arrow":3,"minecraft:beef":3,"iceandfire:manuscript":5,"minecraft:lectern":1,"minecraft:bread":5,"minecraft:iron_ingot":13,"minecraft:wheat_seeds":3,"minecraft:cobbled_deepslate_stairs":2,"minecraft:tnt":3,"minecraft:cobblestone":1,"minecraft:feather":4,"minecraft:iron_helmet":1,"minecraft:book":64,"minecraft:granite":5,"minecraft:coal":2,"minecraft:cobweb":3,"minecraft:deepslate_brick_stairs":2,"artifacts:lucky_scarf":1,"iceandfire:silver_sword":1,"tombstone:grave_dust":2,"minecraft:oak_stairs":4,"minecraft:iron_axe":1,"minecraft:paper":6,"minecraft:string":1,"travelersbackpack:red_sleeping_bag":1,"iceandfire:dragonbone":14,"minecraft:kelp":4,"artifacts:kitty_slippers":2,"minecraft:bowl":1,"minecraft:tuff":12,"minecraft:raw_iron":71,"minecraft:villager_spawn_egg":1,"minecraft:name_tag":1,"minecraft:oak_sign":8,"minecraft:glass_pane":1,"minecraft:flint_and_steel":2,"minecraft:blast_furnace":1,"minecraft:filled_map":3,"aether:chainmail_gloves":7,"iceandfire:silver_ingot":4,"artifacts:onion_ring":1,"minecraft:spider_eye":2,"minecraft:spruce_log":2,"iceandfire:dragon_skull_lightning":1},"minecraft:mined":{"create:deepslate_zinc_ore":23,"iceandfire:graveyard_soil":24,"minecraft:mossy_stone_brick_slab":1,"minecraft:cobbled_deepslate_stairs":2,"minecraft:obsidian":8,"minecraft:spruce_trapdoor":2,"minecraft:granite":21,"minecraft:acacia_log":34,"minecraft:jungle_log":114,"minecraft:deepslate_bricks":1,"minecraft:composter":1,"minecraft:spawner":1,"minecraft:iron_ore":77,"minecraft:cobbled_deepslate":6,"minecraft:fire":9,"minecraft:deepslate_lapis_ore":9,"create:asurine":2,"minecraft:pointed_dripstone":6,"minecraft:oak_stairs":1,"minecraft:deepslate_brick_stairs":2,"minecraft:deepslate_redstone_ore":6,"minecraft:kelp_plant":4,"minecraft:amethyst_cluster":2,"minecraft:blast_furnace":3,"iceandfire:ghost_chest":2,"iceandfire:fire_lily":1,"minecraft:cobblestone":9,"graveyard:lying_skeleton":1,"minecraft:sugar_cane":2,"minecraft:oak_planks":6,"minecraft:seagrass":1,"minecraft:tnt":3,"minecraft:wither_rose":3,"minecraft:grass":29,"minecraft:oak_log":206,"minecraft:sand":286,"minecraft:dirt":4,"minecraft:netherrack":1,"create:crimsite":2,"minecraft:oak_leaves":1,"minecraft:deepslate":101,"alexscaves:spelunkery_table":1,"minecraft:crying_obsidian":2,"minecraft:tuff":3,"iceandfire:silver_ore":5,"minecraft:mossy_cobblestone":2,"minecraft:deepslate_diamond_ore":8,"minecraft:oak_door":1,"minecraft:ladder":1,"minecraft:potted_bamboo":1,"minecraft:cartography_table":1,"minecraft:large_fern":2,"minecraft:furnace":10,"minecraft:gold_block":1,"minecraft:bookshelf":8,"minecraft:deepslate_iron_ore":50,"minecraft:vine":5,"minecraft:lantern":1,"minecraft:stripped_oak_log":2,"minecraft:stone":72,"minecraft:smithing_table":3,"minecraft:glass_pane":1,"travelersbackpack:standard":3,"minecraft:crafting_table":4,"minecraft:tall_grass":7,"minecraft:copper_ore":47,"minecraft:lapis_ore":2,"minecraft:deepslate_gold_ore":3,"minecraft:diorite":3,"minecraft:redstone_torch":1,"minecraft:gray_bed":2,"minecraft:coal_ore":17,"graveyard:leaning_skeleton":1,"minecraft:gravel":5,"minecraft:cobweb":71,"minecraft:gold_ore":5,"minecraft:fern":4},"minecraft:crafted":{"travelersbackpack:ocelot":1,"minecraft:smooth_stone":5,"minecraft:oak_planks":98,"travelersbackpack:crafting_upgrade":3,"minecraft:stone":6,"securitycraft:keypad_item":1,"travelersbackpack:diamond":1,"minecraft:heavy_weighted_pressure_plate":1,"securitycraft:laser_block":1,"minecraft:glass":280,"minecraft:bow":1,"minecraft:iron_boots":1,"securitycraft:briefcase":1,"minecraft:chest":8,"minecraft:golden_axe":1,"travelersbackpack:coal":1,"travelersbackpack:iron_tier_upgrade":2,"minecraft:cooked_porkchop":17,"minecraft:emerald":37,"minecraft:crafting_table":12,"minecraft:spruce_planks":12,"minecraft:wooden_pickaxe":1,"travelersbackpack:standard":3,"minecraft:iron_helmet":1,"minecraft:red_wool":2,"travelersbackpack:blue_sleeping_bag":1,"travelersbackpack:red_sleeping_bag":1,"minecraft:iron_chestplate":1,"minecraft:wooden_hoe":1,"minecraft:paper":42,"minecraft:shield":3,"minecraft:stick":37,"minecraft:iron_ingot":169,"minecraft:gold_ingot":26,"iceandfire:silver_sword":1,"minecraft:shears":1,"securitycraft:universal_block_reinforcer_lvl1":1,"minecraft:oak_door":4,"minecraft:furnace":7,"graveyard:dark_iron_ingot":1,"minecraft:blast_furnace":2,"minecraft:bone_meal":8,"travelersbackpack:gold_tier_upgrade":2,"travelersbackpack:blank_upgrade":5,"minecraft:glass_pane":53,"travelersbackpack:white_sleeping_bag":1,"minecraft:iron_axe":1,"securitycraft:universal_block_remover":1,"minecraft:stone_pickaxe":1,"minecraft:diamond_boots":1,"minecraft:filled_map":4,"minecraft:redstone_block":1,"minecraft:wheat":2,"travelersbackpack:backpack_tank":10,"minecraft:iron_sword":2,"minecraft:bucket":1,"minecraft:bread":13,"minecraft:air":754,"minecraft:blue_dye":6,"minecraft:oak_boat":1,"iceandfire:bestiary":1,"minecraft:white_wool":9,"minecraft:blue_wool":2,"minecraft:iron_shovel":2,"minecraft:iron_leggings":1,"minecraft:torch":8},"minecraft:picked_up":{"minecraft:iron_chestplate":10,"minecraft:wheat":30,"minecraft:flower_pot":2,"minecraft:prismarine_shard":3,"minecraft:smithing_table":7,"minecraft:lead":1,"alexscaves:cave_tablet":9,"minecraft:oak_stairs":27,"minecraft:wither_rose":23,"minecraft:polished_deepslate":12,"iceandfire:manuscript":10,"minecraft:string":168,"minecraft:raw_copper":270,"minecraft:iron_leggings":10,"minecraft:oak_sign":8,"minecraft:beetroot":8,"irons_spellbooks:arcane_essence":23,"minecraft:smooth_stone":1,"minecraft:cobbled_deepslate":546,"minecraft:gold_nugget":103,"minecraft:calcite":9,"minecraft:iron_pickaxe":5,"minecraft:melon_slice":6,"minecraft:furnace":15,"minecraft:iron_boots":6,"iceandfire:pixie_dust":8,"minecraft:stick":94,"iceandfire:ghost_chest":8,"minecraft:deepslate_brick_wall":6,"minecraft:oak_fence":3,"minecraft:torch":462,"minecraft:acacia_log":33,"travelersbackpack:iron_tier_upgrade":1,"minecraft:porkchop":45,"minecraft:villager_spawn_egg":1,"minecraft:pointed_dripstone":44,"tombstone:grave_dust":5,"spartanweaponry:silver_battleaxe":1,"artifacts:lucky_scarf":8,"minecraft:rotten_flesh":58,"aether:chainmail_gloves":10,"minecraft:polished_basalt":21,"create:asurine":1,"minecraft:deepslate_brick_stairs":6,"minecraft:obsidian":8,"alexsmobs:lobster_tail":2,"minecraft:cobblestone":85,"minecraft:feather":22,"spartanweaponry:handle":3,"minecraft:jungle_log":114,"alexsmobs:bison_fur":1,"alexsmobs:bear_fur":6,"alexscaves:cave_book":3,"minecraft:flint":11,"create:raw_zinc":257,"minecraft:tuff":14,"travelersbackpack:gold_tier_upgrade":1,"minecraft:dirt":2,"minecraft:lapis_lazuli":375,"minecraft:lantern":3,"securitycraft:reinforced_stone_button":8,"minecraft:name_tag":2,"wizards:wand_novice":1,"minecraft:bone":182,"minecraft:bow":12,"spartanweaponry:iron_greatsword":1,"minecraft:wheat_seeds":9,"minecraft:raw_gold":61,"minecraft:bamboo":77,"minecraft:oak_planks":881,"spartanweaponry:stone_battle_hammer":1,"iceandfire:shiny_scales":25,"minecraft:sand":331,"alexsmobs:animal_dictionary":9,"travelersbackpack:white_sleeping_bag":1,"cataclysm:lionfish":1,"create:crimsite":4,"minecraft:diamond":42,"minecraft:soul_lantern":1,"minecraft:writable_book":6,"minecraft:granite":35,"minecraft:emerald":6,"minecraft:bread":15,"minecraft:oak_sapling":130,"iceandfire:raw_silver":14,"minecraft:diamond_pickaxe":18,"iceandfire:dragon_skull_lightning":10,"minecraft:coarse_dirt":3,"minecraft:crafting_table":21,"minecraft:ladder":11,"iceandfire:fire_lily":1,"graveyard:dark_iron_ingot":5,"minecraft:golden_pickaxe":2,"irons_spellbooks:tarnished_helmet":1,"minecraft:wooden_pickaxe":1,"minecraft:gold_block":1,"minecraft:chain":4,"spartanweaponry:golden_saber":2,"minecraft:shield":9,"minecraft:iron_axe":13,"minecraft:flint_and_steel":3,"artifacts:power_glove":8,"minecraft:compass":16,"minecraft:iron_shovel":3,"minecraft:glass_pane":1,"iceandfire:graveyard_soil":25,"graveyard:corruption":3,"minecraft:cartography_table":1,"minecraft:beef":23,"minecraft:oak_boat":2,"minecraft:jungle_sapling":5,"minecraft:poppy":3,"minecraft:lectern":6,"minecraft:sugar_cane":10,"minecraft:spruce_trapdoor":2,"minecraft:phantom_membrane":2,"minecraft:egg":1,"minecraft:raw_iron":283,"iceandfire:dragonbone":76,"minecraft:oak_door":11,"artifacts:vampiric_glove":4,"minecraft:cookie":2,"minecraft:redstone":144,"minecraft:prismarine_crystals":13,"minecraft:tnt":3,"iceandfire:silver_ingot":20,"artifacts:cowboy_hat":4,"minecraft:arrow":50,"minecraft:pumpkin_pie":6,"minecraft:diamond_boots":2,"alexscaves:spelunkery_table":1,"artifacts:cross_necklace":6,"mowziesmobs:umvuthana_mask_bliss":5,"minecraft:gold_ingot":82,"minecraft:skeleton_skull":23,"minecraft:bone_block":2,"minecraft:stripped_oak_log":2,"iceandfire:sea_serpent_fang":1,"minecraft:glow_ink_sac":3,"minecraft:leather":23,"alexsmobs:acacia_blossom":3,"travelersbackpack:red_sleeping_bag":1,"minecraft:filled_map":1,"artifacts:onion_ring":1,"minecraft:oak_log":199,"securitycraft:keypad_chest":1,"iceandfire:ectoplasm":73,"minecraft:gunpowder":15,"minecraft:cobbled_deepslate_stairs":6,"artifacts:cloud_in_a_bottle":9,"minecraft:paper":76,"man:cassette_1safetyinstructions":2,"minecraft:apple":26,"minecraft:kelp":18,"minecraft:iron_ingot":121,"minecraft:stone_pickaxe":9,"minecraft:cobweb":3,"artifacts:kitty_slippers":5,"minecraft:gray_bed":3,"minecraft:acacia_sapling":10,"minecraft:book":548,"iceandfire:sea_serpent_scales_green":6,"minecraft:gravel":4,"minecraft:amethyst_shard":32,"minecraft:blast_furnace":11,"minecraft:spruce_log":31,"minecraft:crying_obsidian":2,"minecraft:mossy_stone_brick_slab":1,"minecraft:spider_eye":17,"travelersbackpack:standard":6,"minecraft:diamond_shovel":7,"iceandfire:silver_sword":21,"minecraft:iron_helmet":12,"mowziesmobs:umvuthana_mask_fear":1,"tombstone:magic_scroll":1,"minecraft:coal":207},"minecraft:killed_by":{"graveyard:skeleton_creeper":3,"man:managgresive":4,"minecraft:cave_spider":2,"cataclysm:deepling_brute":2,"alexsmobs:rhinoceros":1,"artifacts:mimic":1,"alexsmobs:grizzly_bear":3,"apollyon:the_infector":1,"cataclysm:lionfish":1,"apollyon:the_damned":3,"alexsmobs:centipede_head":1,"minecraft:skeleton":3,"iceandfire:ghost":9}},"DataVersion":3465}