{"stats":{"minecraft:custom":{"minecraft:interact_with_crafting_table":98,"minecraft:open_barrel":95,"minecraft:leave_game":5,"minecraft:time_since_death":3134,"minecraft:damage_resisted":163,"minecraft:sprint_one_cm":670669,"minecraft:damage_blocked_by_shield":10104,"minecraft:drop":157,"minecraft:talked_to_villager":50,"minecraft:play_time":510144,"minecraft:deaths":46,"minecraft:jump":10300,"minecraft:interact_with_brewingstand":8,"minecraft:walk_on_water_one_cm":51208,"minecraft:interact_with_furnace":183,"minecraft:traded_with_villager":122,"minecraft:interact_with_cartography_table":2,"minecraft:interact_with_loom":33,"minecraft:sleep_in_bed":5,"minecraft:waystone_activated":1,"minecraft:damage_dealt":57527,"minecraft:player_kills":1,"minecraft:crouch_one_cm":39520,"tombstone:undead_killed":25,"tombstone:villager_killed":3,"minecraft:interact_with_smithing_table":23,"minecraft:interact_with_anvil":3,"minecraft:mob_kills":252,"minecraft:climb_one_cm":5510,"minecraft:walk_one_cm":661092,"minecraft:damage_dealt_absorbed":240,"minecraft:sneak_time":19072,"minecraft:walk_under_water_one_cm":89691,"minecraft:boat_one_cm":215460,"minecraft:interact_with_lectern":2,"minecraft:interact_with_blast_furnace":3,"minecraft:total_world_time":510144,"tombstone:raider_killed":23,"minecraft:time_since_rest":3023,"minecraft:damage_taken":19035,"minecraft:damage_absorbed":201,"minecraft:trigger_trapped_chest":4,"minecraft:swim_one_cm":138019,"minecraft:fly_one_cm":1909708,"minecraft:open_chest":95,"minecraft:fall_one_cm":439926},"minecraft:used":{"minecraft:beetroot":8,"minecraft:writable_book":1,"minecraft:iron_shovel":305,"minecraft:melon":6,"minecraft:ladder":1,"minecraft:polished_basalt":10,"minecraft:chest":3,"minecraft:shield":133,"minecraft:iron_sword":291,"minecraft:rotten_flesh":2,"minecraft:iron_chestplate":2,"mowziesmobs:umvuthana_mask_bliss":3,"securitycraft:keypad_item":1,"minecraft:tuff":2,"alexsmobs:lobster_tail":1,"minecraft:villager_spawn_egg":6,"minecraft:lantern":1,"minecraft:iron_helmet":4,"minecraft:stone_bricks":1,"minecraft:rabbit_stew":1,"minecraft:bow":23,"minecraft:oak_sapling":3,"minecraft:furnace":14,"minecraft:gray_bed":2,"minecraft:egg":1,"minecraft:diamond_boots":1,"minecraft:oak_planks":41,"minecraft:stone_pickaxe":96,"minecraft:wooden_pickaxe":8,"minecraft:redstone_block":2,"minecraft:cookie":4,"minecraft:golden_apple":2,"minecraft:sand":9,"alexscaves:cave_book":2,"minecraft:blast_furnace":4,"securitycraft:universal_block_remover":9,"minecraft:cobbled_deepslate_stairs":2,"minecraft:deepslate_brick_stairs":2,"minecraft:dark_oak_log":2,"minecraft:stone_button":8,"minecraft:bread":19,"alexscaves:nuclear_siren":1,"tombstone:grave_key":2,"minecraft:gravel":1,"minecraft:diamond_sword":57,"minecraft:smithing_table":2,"securitycraft:briefcase":1,"minecraft:oak_boat":3,"minecraft:bone_meal":12,"minecraft:experience_bottle":34,"minecraft:oak_fence":1,"iceandfire:silver_sword":454,"minecraft:spruce_planks":3,"minecraft:oak_door":3,"minecraft:torch":44,"minecraft:brewing_stand":1,"minecraft:anvil":1,"minecraft:granite":7,"minecraft:dark_oak_planks":11,"spartanweaponry:silver_battleaxe":3,"minecraft:iron_axe":433,"minecraft:oak_stairs":3,"minecraft:iron_boots":2,"minecraft:glowstone":5,"travelersbackpack:ocelot":9,"tombstone:gift":5,"minecraft:cobbled_deepslate":42,"minecraft:enchanted_golden_apple":2,"minecraft:pointed_dripstone":6,"minecraft:golden_axe":36,"minecraft:iron_leggings":1,"minecraft:wheat_seeds":4,"minecraft:cartography_table":2,"minecraft:fletching_table":4,"travelersbackpack:coal":19,"minecraft:crafting_table":15,"minecraft:wooden_hoe":6,"minecraft:diamond_pickaxe":487,"minecraft:apple":14,"minecraft:diamond_shovel":3,"iceandfire:graveyard_soil":1,"minecraft:spruce_trapdoor":2,"minecraft:cobblestone":33,"travelersbackpack:standard":19,"minecraft:porkchop":1,"minecraft:cooked_porkchop":33,"minecraft:bucket":10,"minecraft:glass_pane":1,"minecraft:pumpkin_pie":6,"alexsmobs:animal_dictionary":1,"minecraft:stripped_oak_log":2,"irons_spellbooks:arcane_anvil":1},"minecraft:broken":{"minecraft:iron_chestplate":1,"minecraft:iron_leggings":1,"iceandfire:silver_sword":1,"minecraft:iron_sword":1,"minecraft:bow":1,"minecraft:shield":3,"minecraft:golden_axe":1,"minecraft:iron_axe":1,"minecraft:iron_helmet":2},"minecraft:killed":{"minecraft:cave_spider":14,"graveyard:skeleton_creeper":1,"whispering_spirits:whispering_spirit":1,"minecraft:spider":8,"minecraft:skeleton":32,"minecraft:silverfish":2,"irons_spellbooks:summoned_skeleton":2,"artifacts:mimic":5,"minecraft:pig":20,"alexsmobs:grizzly_bear":1,"minecraft:zombie_villager":1,"minecraft:iron_golem":4,"irons_spellbooks:necromancer":2,"minecraft:creeper":15,"cataclysm:deepling_brute":1,"minecraft:zombie":25,"cataclysm:deepling":1,"iceandfire:pixie":2,"apollyon:the_damned":4,"mowziesmobs:umvuthana_raptor":1,"minecraft:cow":22,"iceandfire:sea_serpent":1,"minecraft:vex":7,"minecraft:evoker":4,"irons_spellbooks:summoned_zombie":2,"minecraft:vindicator":15,"alexsmobs:seagull":1,"alexscaves:nucleeper":1,"minecraft:phantom":4,"iceandfire:siren":4,"alexsmobs:bison":1,"cataclysm:lionfish":1,"minecraft:drowned":1,"iceandfire:hippocampus":2,"cataclysm:deepling_angler":1,"graveyard:ghoul":2,"irons_spellbooks:citadel_keeper":1,"mowziesmobs:umvuthana_follower_raptor":4,"alexsmobs:rhinoceros":1,"iceandfire:ghost":12,"minecraft:player":1,"minecraft:villager":3,"minecraft:enderman":1},"minecraft:dropped":{"minecraft:iron_sword":1,"minecraft:brown_mushroom":1,"minecraft:lapis_lazuli":1,"minecraft:glass_bottle":1,"minecraft:diamond":2,"minecraft:crafting_table":1,"minecraft:fletching_table":1,"iceandfire:ectoplasm":11,"travelersbackpack:iron_tier_upgrade":1,"create:crimsite":2,"irons_spellbooks:tarnished_helmet":1,"spartanweaponry:golden_saber":2,"travelersbackpack:standard":3,"alexsmobs:bison_fur":1,"minecraft:red_mushroom":3,"iceandfire:graveyard_soil":8,"minecraft:flint":3,"minecraft:dirt":2,"mowziesmobs:umvuthana_mask_bliss":3,"minecraft:gold_nugget":4,"minecraft:writable_book":2,"minecraft:pumpkin_pie":10,"minecraft:sand":12,"minecraft:glistering_melon_slice":1,"minecraft:iron_pickaxe":2,"minecraft:gravel":3,"minecraft:white_tulip":1,"minecraft:compass":10,"minecraft:iron_nugget":9,"minecraft:cobbled_deepslate":23,"minecraft:wheat":32,"minecraft:soul_lantern":1,"minecraft:rotten_flesh":28,"minecraft:oak_planks":2,"minecraft:mossy_stone_brick_slab":1,"create:asurine":1,"spartanweaponry:stone_battle_hammer":1,"wizards:wand_novice":1,"minecraft:poppy":3,"travelersbackpack:gold_tier_upgrade":1,"iceandfire:ghost_chest":3,"travelersbackpack:white_sleeping_bag":1,"minecraft:acacia_sapling":10,"iceandfire:pixie_dust":4,"minecraft:ladder":3,"minecraft:arrow":3,"minecraft:beef":3,"iceandfire:manuscript":5,"minecraft:lectern":1,"minecraft:bread":5,"minecraft:iron_ingot":13,"minecraft:wheat_seeds":3,"minecraft:cobbled_deepslate_stairs":2,"minecraft:tnt":3,"minecraft:book":64,"minecraft:iron_helmet":1,"minecraft:feather":4,"minecraft:cobblestone":1,"minecraft:granite":5,"minecraft:coal":2,"minecraft:cobweb":3,"minecraft:deepslate_brick_stairs":2,"artifacts:lucky_scarf":1,"iceandfire:silver_sword":1,"tombstone:grave_dust":2,"minecraft:oak_stairs":4,"minecraft:iron_axe":2,"minecraft:paper":6,"minecraft:string":1,"minecraft:polished_deepslate":2,"travelersbackpack:red_sleeping_bag":1,"iceandfire:dragonbone":14,"minecraft:kelp":4,"artifacts:kitty_slippers":2,"minecraft:bowl":1,"minecraft:tuff":12,"minecraft:raw_iron":71,"minecraft:villager_spawn_egg":3,"minecraft:name_tag":1,"minecraft:oak_sign":8,"minecraft:glass_pane":1,"minecraft:flint_and_steel":2,"minecraft:blast_furnace":1,"minecraft:filled_map":5,"aether:chainmail_gloves":7,"iceandfire:silver_ingot":4,"artifacts:onion_ring":1,"minecraft:spider_eye":3,"minecraft:slime_ball":6,"minecraft:spruce_log":2,"iceandfire:dragon_skull_lightning":1},"minecraft:crafted":{"travelersbackpack:ocelot":1,"minecraft:smooth_stone":5,"minecraft:oak_planks":278,"travelersbackpack:crafting_upgrade":3,"minecraft:blaze_powder":1,"minecraft:stone":6,"securitycraft:keypad_item":1,"travelersbackpack:diamond":1,"irons_spellbooks:fire_ale":1,"minecraft:heavy_weighted_pressure_plate":1,"securitycraft:laser_block":1,"minecraft:glass":280,"minecraft:bow":1,"minecraft:iron_boots":1,"aether:diamond_gloves":1,"minecraft:chest":8,"securitycraft:briefcase":1,"minecraft:golden_axe":1,"minecraft:glass_bottle":3,"irons_spellbooks:scroll":1,"travelersbackpack:coal":1,"travelersbackpack:iron_tier_upgrade":2,"minecraft:emerald":115,"minecraft:cooked_porkchop":17,"minecraft:crafting_table":12,"minecraft:spruce_planks":12,"travelersbackpack:standard":3,"minecraft:wooden_pickaxe":1,"minecraft:iron_helmet":1,"runes:fire_stone":6,"irons_spellbooks:furled_map":1,"minecraft:red_wool":2,"travelersbackpack:blue_sleeping_bag":1,"irons_spellbooks:arcane_anvil":1,"spartanweaponry:weapon_oil":3,"travelersbackpack:red_sleeping_bag":1,"minecraft:iron_chestplate":2,"minecraft:wooden_hoe":1,"minecraft:paper":42,"minecraft:shield":4,"minecraft:stick":877,"minecraft:iron_ingot":172,"minecraft:iron_block":3,"minecraft:gold_ingot":26,"iceandfire:silver_sword":1,"minecraft:shears":1,"securitycraft:universal_block_reinforcer_lvl1":1,"minecraft:oak_door":4,"minecraft:furnace":7,"graveyard:dark_iron_ingot":1,"minecraft:blast_furnace":2,"minecraft:bone_meal":8,"travelersbackpack:blank_upgrade":5,"travelersbackpack:gold_tier_upgrade":2,"minecraft:glass_pane":53,"travelersbackpack:white_sleeping_bag":1,"minecraft:polished_deepslate":4,"minecraft:iron_axe":1,"securitycraft:universal_block_remover":1,"minecraft:stone_pickaxe":1,"minecraft:diamond_boots":1,"minecraft:filled_map":4,"minecraft:redstone_block":1,"minecraft:dark_oak_planks":2,"minecraft:glistering_melon_slice":1,"minecraft:wheat":2,"minecraft:sugar":1,"spartanweaponry:grease_ball":1,"minecraft:diamond_sword":1,"travelersbackpack:backpack_tank":10,"minecraft:iron_sword":2,"minecraft:bucket":1,"minecraft:bread":13,"minecraft:air":3668,"minecraft:jungle_planks":114,"minecraft:blue_dye":6,"minecraft:oak_boat":1,"iceandfire:bestiary":1,"minecraft:white_wool":9,"minecraft:fermented_spider_eye":1,"minecraft:blue_wool":2,"minecraft:iron_shovel":2,"minecraft:iron_leggings":2,"minecraft:anvil":1,"minecraft:acacia_planks":132,"minecraft:torch":8},"minecraft:mined":{"minecraft:dark_oak_planks":4,"create:deepslate_zinc_ore":23,"iceandfire:graveyard_soil":24,"minecraft:cobbled_deepslate_stairs":2,"minecraft:mossy_stone_brick_slab":1,"irons_spellbooks:armor_pile":1,"irons_spellbooks:arcane_anvil":1,"minecraft:brewing_stand":1,"minecraft:obsidian":8,"minecraft:spruce_trapdoor":2,"minecraft:granite":21,"minecraft:acacia_log":34,"minecraft:jungle_log":114,"minecraft:deepslate_bricks":1,"minecraft:composter":1,"minecraft:spawner":1,"minecraft:glowstone":5,"minecraft:iron_ore":77,"minecraft:fire":9,"minecraft:cobbled_deepslate":6,"minecraft:anvil":1,"minecraft:fletching_table":3,"minecraft:deepslate_lapis_ore":9,"create:asurine":2,"minecraft:pointed_dripstone":6,"minecraft:oak_stairs":1,"minecraft:deepslate_brick_stairs":2,"minecraft:brown_mushroom":12,"minecraft:deepslate_redstone_ore":6,"minecraft:kelp_plant":4,"minecraft:amethyst_cluster":3,"minecraft:melon":6,"minecraft:blast_furnace":3,"iceandfire:ghost_chest":2,"minecraft:chest":1,"iceandfire:fire_lily":1,"minecraft:cobblestone":13,"graveyard:lying_skeleton":1,"minecraft:oak_planks":6,"minecraft:sugar_cane":2,"minecraft:seagrass":1,"minecraft:stone_brick_stairs":1,"minecraft:tnt":3,"minecraft:wither_rose":3,"minecraft:grass":29,"minecraft:oak_log":206,"minecraft:dirt":4,"minecraft:sand":286,"minecraft:netherrack":1,"minecraft:deepslate":101,"create:crimsite":2,"minecraft:oak_leaves":1,"alexscaves:spelunkery_table":1,"minecraft:crying_obsidian":2,"minecraft:tuff":3,"iceandfire:silver_ore":5,"minecraft:mossy_cobblestone":2,"minecraft:deepslate_diamond_ore":8,"minecraft:oak_door":1,"minecraft:dark_oak_log":4,"minecraft:ladder":1,"minecraft:red_mushroom":4,"minecraft:potted_bamboo":1,"minecraft:cartography_table":1,"minecraft:large_fern":2,"minecraft:furnace":10,"minecraft:gold_block":1,"minecraft:bookshelf":8,"minecraft:vine":5,"minecraft:deepslate_iron_ore":50,"minecraft:lantern":1,"minecraft:stripped_oak_log":2,"irons_spellbooks:inscription_table":1,"minecraft:stone":72,"minecraft:smithing_table":3,"minecraft:glass_pane":3,"travelersbackpack:standard":3,"minecraft:crafting_table":4,"minecraft:copper_ore":47,"minecraft:tall_grass":7,"minecraft:deepslate_gold_ore":3,"minecraft:lapis_ore":2,"minecraft:diorite":3,"minecraft:redstone_torch":1,"minecraft:gray_bed":2,"minecraft:coal_ore":17,"minecraft:gravel":5,"graveyard:leaning_skeleton":1,"minecraft:cobweb":71,"minecraft:stone_bricks":3,"minecraft:gold_ore":5,"minecraft:fern":4},"minecraft:picked_up":{"irons_spellbooks:arcane_anvil":1,"minecraft:iron_chestplate":10,"minecraft:wheat":30,"minecraft:anvil":1,"minecraft:flower_pot":2,"minecraft:prismarine_shard":3,"minecraft:smithing_table":7,"minecraft:lead":1,"alexscaves:cave_tablet":9,"minecraft:oak_stairs":27,"minecraft:wither_rose":23,"minecraft:brewing_stand":1,"minecraft:polished_deepslate":14,"iceandfire:manuscript":10,"minecraft:string":168,"minecraft:raw_copper":270,"minecraft:iron_leggings":10,"minecraft:oak_sign":8,"minecraft:beetroot":8,"irons_spellbooks:arcane_essence":23,"minecraft:smooth_stone":1,"minecraft:gold_nugget":114,"minecraft:cobbled_deepslate":546,"minecraft:calcite":9,"minecraft:iron_pickaxe":5,"minecraft:melon_slice":34,"irons_spellbooks:inscription_table":1,"minecraft:iron_boots":6,"minecraft:furnace":15,"iceandfire:pixie_dust":8,"minecraft:stick":94,"iceandfire:ghost_chest":8,"minecraft:deepslate_brick_wall":6,"minecraft:oak_fence":3,"minecraft:torch":462,"minecraft:acacia_log":33,"travelersbackpack:iron_tier_upgrade":1,"minecraft:porkchop":45,"minecraft:villager_spawn_egg":3,"minecraft:pointed_dripstone":44,"tombstone:grave_dust":5,"spartanweaponry:silver_battleaxe":1,"artifacts:lucky_scarf":8,"minecraft:rotten_flesh":58,"aether:chainmail_gloves":10,"minecraft:polished_basalt":21,"create:asurine":1,"minecraft:deepslate_brick_stairs":6,"minecraft:obsidian":8,"minecraft:blaze_powder":2,"alexsmobs:lobster_tail":2,"minecraft:cobblestone":89,"minecraft:feather":22,"spartanweaponry:handle":3,"minecraft:jungle_log":114,"alexsmobs:bear_fur":6,"alexsmobs:bison_fur":1,"alexscaves:cave_book":3,"minecraft:flint":11,"minecraft:tuff":14,"create:raw_zinc":257,"travelersbackpack:gold_tier_upgrade":1,"minecraft:lapis_lazuli":375,"minecraft:dirt":2,"minecraft:lantern":3,"minecraft:name_tag":2,"wizards:wand_novice":1,"securitycraft:reinforced_stone_button":8,"minecraft:bone":187,"minecraft:bow":12,"spartanweaponry:iron_greatsword":1,"minecraft:wheat_seeds":9,"minecraft:raw_gold":61,"minecraft:glowstone_dust":17,"minecraft:fletching_table":4,"minecraft:bamboo":77,"minecraft:oak_planks":881,"spartanweaponry:stone_battle_hammer":1,"iceandfire:shiny_scales":25,"minecraft:sand":331,"minecraft:dark_oak_log":4,"alexsmobs:animal_dictionary":9,"travelersbackpack:white_sleeping_bag":1,"cataclysm:lionfish":1,"create:crimsite":4,"minecraft:diamond":44,"minecraft:soul_lantern":1,"minecraft:writable_book":6,"minecraft:granite":35,"minecraft:emerald":13,"minecraft:bread":15,"minecraft:oak_sapling":130,"iceandfire:raw_silver":14,"minecraft:diamond_pickaxe":18,"iceandfire:dragon_skull_lightning":10,"minecraft:coarse_dirt":3,"minecraft:crafting_table":21,"minecraft:ladder":11,"minecraft:golden_pickaxe":2,"iceandfire:fire_lily":1,"irons_spellbooks:tarnished_helmet":1,"graveyard:dark_iron_ingot":5,"minecraft:brown_mushroom":13,"minecraft:wooden_pickaxe":1,"minecraft:gold_block":1,"minecraft:chain":4,"spartanweaponry:golden_saber":2,"minecraft:shield":9,"minecraft:iron_axe":14,"artifacts:power_glove":8,"minecraft:flint_and_steel":3,"minecraft:compass":16,"minecraft:iron_shovel":3,"minecraft:glass_pane":1,"graveyard:corruption":3,"iceandfire:graveyard_soil":25,"minecraft:cartography_table":1,"minecraft:beef":23,"spartanweaponry:leather_longbow":1,"minecraft:oak_boat":2,"minecraft:chest":1,"minecraft:jungle_sapling":5,"minecraft:iron_nugget":34,"minecraft:poppy":3,"minecraft:lectern":6,"minecraft:sugar_cane":10,"minecraft:spruce_trapdoor":2,"minecraft:phantom_membrane":2,"minecraft:egg":1,"minecraft:raw_iron":283,"iceandfire:dragonbone":76,"minecraft:oak_door":11,"artifacts:vampiric_glove":4,"minecraft:cookie":2,"minecraft:redstone":144,"minecraft:prismarine_crystals":13,"minecraft:dark_oak_planks":3,"minecraft:tnt":3,"iceandfire:silver_ingot":20,"minecraft:arrow":51,"artifacts:cowboy_hat":4,"minecraft:pumpkin_pie":6,"minecraft:diamond_boots":2,"alexscaves:spelunkery_table":1,"artifacts:cross_necklace":6,"mowziesmobs:umvuthana_mask_bliss":5,"minecraft:totem_of_undying":4,"minecraft:glistering_melon_slice":1,"minecraft:gold_ingot":82,"minecraft:skeleton_skull":23,"minecraft:bone_block":2,"minecraft:stripped_oak_log":2,"iceandfire:sea_serpent_fang":1,"minecraft:glow_ink_sac":3,"minecraft:leather":23,"alexsmobs:acacia_blossom":3,"travelersbackpack:red_sleeping_bag":1,"minecraft:red_mushroom":3,"minecraft:filled_map":2,"artifacts:onion_ring":1,"minecraft:oak_log":199,"minecraft:gunpowder":18,"iceandfire:ectoplasm":73,"securitycraft:keypad_chest":1,"minecraft:cobbled_deepslate_stairs":6,"artifacts:cloud_in_a_bottle":9,"minecraft:paper":76,"man:cassette_1safetyinstructions":2,"minecraft:apple":26,"minecraft:stone_bricks":2,"minecraft:kelp":18,"minecraft:iron_ingot":121,"minecraft:stone_pickaxe":9,"minecraft:cobweb":3,"artifacts:kitty_slippers":5,"minecraft:gray_bed":3,"irons_spellbooks:cinder_essence":1,"minecraft:acacia_sapling":10,"minecraft:book":548,"iceandfire:sea_serpent_scales_green":6,"minecraft:gravel":4,"minecraft:amethyst_shard":36,"minecraft:blast_furnace":11,"minecraft:spruce_log":31,"minecraft:crying_obsidian":2,"minecraft:mossy_stone_brick_slab":1,"minecraft:spider_eye":18,"travelersbackpack:standard":6,"minecraft:diamond_shovel":7,"minecraft:slime_ball":6,"iceandfire:silver_sword":21,"minecraft:iron_helmet":12,"mowziesmobs:umvuthana_mask_fear":1,"tombstone:magic_scroll":1,"minecraft:coal":207},"minecraft:killed_by":{"graveyard:skeleton_creeper":3,"minecraft:vindicator":10,"man:managgresive":4,"irons_spellbooks:citadel_keeper":1,"minecraft:cave_spider":2,"cataclysm:deepling_brute":2,"alexsmobs:rhinoceros":1,"artifacts:mimic":1,"alexsmobs:grizzly_bear":3,"minecraft:vex":1,"apollyon:the_infector":1,"cataclysm:lionfish":1,"apollyon:the_damned":3,"alexsmobs:centipede_head":1,"minecraft:skeleton":3,"iceandfire:ghost":9}},"DataVersion":3465}