{"stats":{"minecraft:picked_up":{"minecraft:iron_chestplate":1,"minecraft:crafting_table":16,"minecraft:flower_pot":2,"minecraft:ladder":6,"minecraft:smithing_table":3,"minecraft:wooden_pickaxe":1,"minecraft:oak_stairs":27,"minecraft:wither_rose":12,"minecraft:chain":4,"minecraft:shield":1,"minecraft:polished_deepslate":12,"minecraft:string":52,"minecraft:raw_copper":10,"minecraft:iron_leggings":1,"minecraft:oak_sign":8,"minecraft:beetroot":8,"minecraft:gold_nugget":96,"minecraft:cobbled_deepslate":113,"minecraft:calcite":9,"minecraft:lectern":6,"minecraft:melon_slice":6,"minecraft:furnace":5,"minecraft:stick":28,"minecraft:raw_iron":79,"iceandfire:ghost_chest":6,"minecraft:deepslate_brick_wall":6,"minecraft:oak_fence":3,"artifacts:vampiric_glove":3,"minecraft:redstone":52,"artifacts:lucky_scarf":1,"minecraft:arrow":6,"artifacts:cowboy_hat":4,"iceandfire:silver_ingot":20,"minecraft:rotten_flesh":20,"minecraft:polished_basalt":21,"artifacts:cross_necklace":3,"minecraft:gold_ingot":12,"minecraft:skeleton_skull":23,"alexsmobs:lobster_tail":2,"minecraft:cobblestone":8,"alexsmobs:bear_fur":5,"create:raw_zinc":33,"minecraft:tuff":2,"minecraft:oak_log":33,"iceandfire:ectoplasm":58,"minecraft:gunpowder":6,"minecraft:lapis_lazuli":226,"minecraft:paper":12,"man:cassette_1safetyinstructions":2,"minecraft:bone":33,"minecraft:apple":17,"minecraft:bow":1,"minecraft:wheat_seeds":6,"minecraft:raw_gold":6,"minecraft:iron_ingot":32,"minecraft:stone_pickaxe":9,"artifacts:kitty_slippers":1,"minecraft:bamboo":4,"minecraft:gray_bed":3,"minecraft:oak_planks":482,"minecraft:book":276,"minecraft:gravel":1,"minecraft:amethyst_shard":24,"minecraft:spruce_log":27,"minecraft:spider_eye":3,"alexsmobs:animal_dictionary":9,"minecraft:diamond":18,"iceandfire:silver_sword":10,"minecraft:soul_lantern":1,"minecraft:writable_book":6,"minecraft:granite":14,"minecraft:oak_sapling":55,"minecraft:coal":12,"iceandfire:raw_silver":8,"minecraft:diamond_pickaxe":2},"minecraft:broken":{"minecraft:golden_axe":1},"minecraft:used":{"minecraft:beetroot":8,"minecraft:oak_fence":1,"minecraft:writable_book":1,"iceandfire:silver_sword":183,"minecraft:polished_basalt":10,"minecraft:spruce_planks":3,"minecraft:shield":9,"minecraft:iron_chestplate":1,"minecraft:tuff":2,"minecraft:granite":7,"alexsmobs:lobster_tail":1,"minecraft:oak_stairs":3,"minecraft:oak_sapling":1,"minecraft:furnace":4,"minecraft:gray_bed":2,"minecraft:cobbled_deepslate":2,"minecraft:golden_axe":36,"minecraft:wheat_seeds":4,"minecraft:stone_pickaxe":96,"minecraft:oak_planks":22,"minecraft:wooden_pickaxe":8,"minecraft:crafting_table":5,"minecraft:wooden_hoe":6,"minecraft:diamond_pickaxe":109,"minecraft:apple":8,"minecraft:gravel":1,"minecraft:cobblestone":5,"alexsmobs:animal_dictionary":1},"minecraft:custom":{"minecraft:interact_with_smithing_table":1,"minecraft:mob_kills":45,"minecraft:interact_with_crafting_table":19,"minecraft:open_barrel":13,"minecraft:leave_game":1,"minecraft:time_since_death":5642,"minecraft:climb_one_cm":2372,"minecraft:sprint_one_cm":208453,"minecraft:walk_one_cm":183084,"minecraft:damage_blocked_by_shield":435,"minecraft:drop":22,"minecraft:play_time":82449,"minecraft:deaths":18,"minecraft:sneak_time":5092,"minecraft:walk_under_water_one_cm":366,"minecraft:interact_with_lectern":1,"minecraft:jump":1462,"minecraft:walk_on_water_one_cm":11260,"minecraft:total_world_time":82449,"minecraft:interact_with_furnace":17,"minecraft:interact_with_cartography_table":1,"minecraft:sleep_in_bed":1,"minecraft:time_since_rest":5671,"minecraft:damage_taken":6118,"minecraft:trigger_trapped_chest":3,"minecraft:damage_dealt":11702,"minecraft:swim_one_cm":3225,"minecraft:fly_one_cm":200416,"minecraft:open_chest":1,"minecraft:crouch_one_cm":13207,"minecraft:fall_one_cm":32059},"minecraft:crafted":{"minecraft:oak_planks":36,"minecraft:furnace":2,"minecraft:iron_boots":1,"minecraft:stone_pickaxe":1,"minecraft:golden_axe":1,"minecraft:crafting_table":3,"minecraft:spruce_planks":12,"minecraft:wooden_pickaxe":1,"minecraft:iron_helmet":1,"minecraft:air":143,"minecraft:iron_chestplate":1,"minecraft:wooden_hoe":1,"minecraft:shield":1,"minecraft:stick":12,"minecraft:iron_ingot":38,"minecraft:iron_leggings":1,"iceandfire:silver_sword":1},"minecraft:killed":{"graveyard:skeleton_creeper":1,"minecraft:spider":4,"minecraft:skeleton":3,"artifacts:mimic":4,"graveyard:ghoul":1,"alexsmobs:grizzly_bear":1,"minecraft:creeper":3,"minecraft:zombie":5,"iceandfire:ghost":8},"minecraft:mined":{"create:deepslate_zinc_ore":11,"minecraft:tuff":2,"iceandfire:silver_ore":4,"minecraft:mossy_cobblestone":1,"minecraft:deepslate_diamond_ore":6,"minecraft:potted_bamboo":1,"minecraft:large_fern":1,"minecraft:furnace":4,"minecraft:iron_ore":15,"minecraft:deepslate_lapis_ore":9,"minecraft:deepslate_iron_ore":27,"minecraft:vine":1,"minecraft:oak_stairs":1,"minecraft:stone":8,"minecraft:smithing_table":1,"minecraft:deepslate_redstone_ore":6,"minecraft:amethyst_cluster":2,"minecraft:crafting_table":1,"iceandfire:ghost_chest":1,"minecraft:tall_grass":1,"minecraft:deepslate_gold_ore":2,"minecraft:oak_planks":3,"minecraft:gray_bed":2,"minecraft:grass":10,"minecraft:oak_log":35,"minecraft:gravel":1,"minecraft:cobweb":1,"minecraft:deepslate":64,"minecraft:fern":1},"minecraft:killed_by":{"apollyon:the_infector":1,"graveyard:skeleton_creeper":1,"man:managgresive":2,"apollyon:the_damned":1,"minecraft:skeleton":1,"artifacts:mimic":1,"alexsmobs:grizzly_bear":3,"iceandfire:ghost":8},"minecraft:dropped":{"minecraft:lapis_lazuli":1,"minecraft:crafting_table":1,"iceandfire:ectoplasm":5,"artifacts:lucky_scarf":1,"minecraft:oak_stairs":4,"minecraft:writable_book":2,"artifacts:kitty_slippers":1,"minecraft:soul_lantern":1,"minecraft:raw_iron":1,"minecraft:rotten_flesh":10,"minecraft:oak_sign":8,"iceandfire:ghost_chest":1,"iceandfire:silver_ingot":4,"minecraft:spider_eye":1,"minecraft:lectern":1}},"DataVersion":3465}