{"stats":{"minecraft:mined":{"create:zinc_ore":14,"minecraft:acacia_log":9,"minecraft:grass_block":7,"minecraft:frosted_ice":5,"minecraft:furnace":4,"minecraft:iron_ore":26,"minecraft:gold_block":1,"create:red_seat":1,"minecraft:stone":50,"minecraft:crafting_table":7,"minecraft:cornflower":1,"minecraft:oak_wood":63,"minecraft:tall_grass":7,"minecraft:cobblestone":6,"minecraft:sugar_cane":5,"minecraft:oak_planks":2,"minecraft:wall_torch":1,"minecraft:grass":31,"minecraft:coal_ore":35,"minecraft:gravel":13,"minecraft:sand":12,"minecraft:oak_button":1,"minecraft:oak_leaves":2},"minecraft:crafted":{"minecraft:oak_door":3,"minecraft:oak_planks":72,"minecraft:cooked_chicken":4,"minecraft:furnace":3,"minecraft:cooked_mutton":5,"minecraft:iron_boots":1,"minecraft:iron_axe":1,"minecraft:stone_pickaxe":1,"minecraft:chest":1,"minecraft:oak_button":1,"spartanweaponry:stone_boomerang":1,"minecraft:cooked_beef":5,"minecraft:cooked_porkchop":10,"minecraft:crafting_table":5,"minecraft:iron_helmet":1,"minecraft:wooden_pickaxe":1,"minecraft:iron_sword":1,"spartanweaponry:handle":2,"spartanweaponry:iron_parrying_dagger":2,"minecraft:bread":3,"minecraft:air":363,"minecraft:oak_boat":1,"minecraft:iron_chestplate":1,"minecraft:shield":2,"minecraft:stick":18,"minecraft:iron_ingot":16,"minecraft:iron_pickaxe":1,"minecraft:wooden_axe":1,"minecraft:stone_sword":2,"minecraft:iron_leggings":1,"minecraft:torch":10},"minecraft:picked_up":{"minecraft:fishing_rod":1,"minecraft:crafting_table":14,"minecraft:wheat":10,"minecraft:chicken":12,"runes:crafting_altar":3,"minecraft:lead":1,"minecraft:diamond_sword":1,"minecraft:wooden_pickaxe":9,"minecraft:gold_block":1,"minecraft:wither_rose":2,"apollyon:the_infector_spawn_egg":1,"minecraft:shield":3,"minecraft:cornflower":1,"minecraft:string":2,"minecraft:iron_axe":2,"minecraft:wooden_sword":2,"wizards:staff_netherite_arcane":3,"casinocraft:rulebook_1_1":3,"minecraft:beef":10,"minecraft:red_dye":1,"minecraft:oak_boat":6,"minecraft:iron_pickaxe":5,"minecraft:light_gray_wool":1,"minecraft:sugar_cane":13,"casinocraft:rulebook_6_1":1,"minecraft:furnace":6,"minecraft:egg":5,"minecraft:stick":9,"minecraft:raw_iron":36,"minecraft:stone":1,"minecraft:oak_door":13,"minecraft:torch":70,"minecraft:porkchop":20,"minecraft:arrow":7,"minecraft:stone_sword":3,"minecraft:rotten_flesh":6,"minecraft:tropical_fish":3,"spell_engine:spell_binding":1,"minecraft:gold_ingot":1,"casinocraft:rulebook_2_2":1,"create:red_seat":5,"minecraft:mutton":24,"minecraft:cod":2,"minecraft:white_wool":10,"minecraft:cobblestone":295,"minecraft:nautilus_shell":1,"minecraft:feather":6,"casinocraft:rulebook_3_3":1,"spartanweaponry:handle":13,"minecraft:water_bucket":1,"minecraft:leather":6,"spartanweaponry:iron_longsword":1,"minecraft:flint":2,"create:raw_zinc":13,"minecraft:oak_log":5,"casinocraft:rulebook_3_2":2,"minecraft:lapis_lazuli":131,"minecraft:dirt":7,"minecraft:paper":7,"minecraft:leather_boots":5,"minecraft:cooked_mutton":2,"wizards:wand_novice":3,"minecraft:bone":15,"minecraft:bow":3,"minecraft:wheat_seeds":2,"minecraft:stone_pickaxe":4,"minecraft:iron_ingot":32,"minecraft:iron_ore":1,"casinocraft:rulebook_4_2":1,"minecraft:acacia_sapling":1,"minecraft:iron_sword":5,"minecraft:oak_planks":966,"minecraft:cooked_porkchop":3,"runes:arcane_stone":116,"minecraft:dandelion":2,"minecraft:gravel":13,"spartanweaponry:iron_parrying_dagger":2,"minecraft:sand":78,"minecraft:oak_wood":82,"minecraft:coal_ore":1,"artifacts:golden_hook":4,"minecraft:stone_axe":3,"wizards:arcane_spell_book":3,"casinocraft:rulebook_4_1":2,"minecraft:bone_meal":2,"minecraft:oak_button":6,"minecraft:coal":113},"minecraft:used":{"apollyon:the_damned_spawn_egg":1,"apollyon:the_infector_spawn_egg":2,"minecraft:jungle_leaves":3,"minecraft:stone_sword":8,"spartanweaponry:iron_parrying_dagger":3,"minecraft:tropical_fish":1,"minecraft:chest":1,"minecraft:shield":24,"minecraft:iron_sword":73,"minecraft:stone":3979,"casinocraft:cardtable_wide_black":1,"wizards:staff_netherite_frost":3,"casinocraft:arcade_base_white":2,"minecraft:oak_door":9,"minecraft:torch":7,"minecraft:dirt":2,"casinocraft:arcade_slot_black":2,"minecraft:carrot":2,"minecraft:oak_wood":228,"minecraft:wooden_axe":63,"minecraft:coal_ore":126,"alexscaves:spawn_egg_deep_one":1,"minecraft:iron_axe":19,"casinocraft:arcade_slot_yellow":1,"cataclysm:void_forge":7,"minecraft:magma_block":177,"minecraft:furnace":5,"minecraft:egg":6,"minecraft:cooked_beef":1,"minecraft:seagrass":27,"minecraft:cooked_mutton":2,"minecraft:water_bucket":10,"minecraft:iron_ore":58,"minecraft:stone_pickaxe":51,"minecraft:oak_planks":21,"minecraft:wooden_pickaxe":18,"create:red_seat":1,"minecraft:sandstone":444,"spell_engine:spell_binding":1,"minecraft:leather_boots":3,"alexscaves:spawn_egg_hullbreaker":1,"minecraft:oak_leaves":360,"minecraft:sand":753,"minecraft:vine":17,"minecraft:crafting_table":13,"minecraft:yellow_concrete":85,"casinocraft:cardtable_wide_cyan":1,"runes:crafting_altar":1,"minecraft:bread":1,"casinocraft:cardtable_base_pink":3,"minecraft:iron_pickaxe":71,"spartanweaponry:stone_boomerang":23,"minecraft:oak_button":1,"minecraft:gravel":12,"spartanweaponry:wooden_boomerang":2,"minecraft:diamond_sword":30,"wizards:staff_netherite_arcane":63,"minecraft:cobblestone":27,"minecraft:cooked_porkchop":6,"minecraft:oak_boat":5,"casinocraft:cardtable_base_black":1,"minecraft:white_concrete":363,"minecraft:kelp":38,"minecraft:smooth_stone":48},"minecraft:killed":{"minecraft:spider":2,"minecraft:skeleton":5,"minecraft:horse":2,"minecraft:chicken":4,"minecraft:drowned":2,"cataclysm:lionfish":1,"cataclysm:deepling_angler":1,"minecraft:pig":9,"man:managgresive":1,"minecraft:sheep":6,"minecraft:zombie":3,"minecraft:player":2,"apollyon:the_damned":2,"minecraft:cow":5},"minecraft:killed_by":{"minecraft:player":2,"apollyon:the_infector":2,"minecraft:drowned":1,"man:managgresive":4,"apollyon:the_damned":4,"minecraft:skeleton":3,"minecraft:zombie":1},"minecraft:dropped":{"minecraft:vine":1,"minecraft:wheat_seeds":1,"spartanweaponry:iron_parrying_dagger":1,"minecraft:crafting_table":1,"minecraft:cooked_porkchop":1,"minecraft:lead":1,"minecraft:cobblestone":1,"man:cassette_1safetyinstructions":1,"minecraft:tropical_fish":2,"minecraft:grass_block":1,"minecraft:coal":48,"minecraft:birch_slab":1,"minecraft:cod":1,"spartanweaponry:wooden_boomerang":1,"minecraft:dirt":4,"minecraft:cornflower":1,"minecraft:mutton":5,"minecraft:white_concrete":1,"minecraft:seagrass":1,"minecraft:wooden_sword":1,"minecraft:jungle_leaves":1,"minecraft:sand":4,"minecraft:red_dye":1,"minecraft:smooth_stone":2,"minecraft:string":2,"minecraft:fishing_rod":1,"create:raw_zinc":3,"minecraft:bone":1,"minecraft:furnace":1,"minecraft:stone_axe":1,"minecraft:kelp":1,"minecraft:stone_sword":3,"minecraft:wheat":1,"casinocraft:rulebook_4_1":1,"minecraft:rotten_flesh":4,"minecraft:cooked_mutton":1,"minecraft:diamond_sword":1,"minecraft:stone":2,"minecraft:oak_button":2,"spartanweaponry:stone_boomerang":1,"minecraft:oak_wood":9,"create:red_seat":2,"minecraft:leather_boots":2,"minecraft:sandstone":2,"minecraft:stone_pickaxe":2,"minecraft:wooden_pickaxe":4,"minecraft:oak_leaves":1},"minecraft:broken":{"minecraft:wooden_axe":1},"minecraft:custom":{"minecraft:mob_kills":46,"minecraft:interact_with_crafting_table":50,"minecraft:leave_game":12,"minecraft:time_since_death":22722,"minecraft:climb_one_cm":1474,"minecraft:sprint_one_cm":193220,"minecraft:walk_one_cm":185551,"minecraft:damage_blocked_by_shield":1761,"minecraft:drop":68,"minecraft:play_time":446566,"minecraft:deaths":20,"minecraft:sneak_time":14867,"minecraft:walk_under_water_one_cm":1028292,"minecraft:boat_one_cm":92206,"minecraft:jump":3076,"minecraft:walk_on_water_one_cm":120532,"minecraft:total_world_time":446566,"minecraft:interact_with_furnace":64,"minecraft:time_since_rest":22748,"minecraft:damage_taken":5802,"minecraft:damage_dealt":10958,"minecraft:swim_one_cm":136906,"minecraft:player_kills":2,"minecraft:fly_one_cm":1103301,"minecraft:open_chest":11,"minecraft:crouch_one_cm":16788,"minecraft:fall_one_cm":57609}},"DataVersion":3465}