{"stats":{"minecraft:mined":{"create:deepslate_zinc_ore":23,"iceandfire:graveyard_soil":10,"minecraft:cobbled_deepslate_stairs":2,"minecraft:granite":5,"minecraft:deepslate_bricks":1,"minecraft:composter":1,"minecraft:spawner":1,"minecraft:iron_ore":44,"minecraft:cobbled_deepslate":6,"minecraft:fire":6,"minecraft:deepslate_lapis_ore":9,"create:asurine":2,"minecraft:pointed_dripstone":6,"minecraft:oak_stairs":1,"minecraft:deepslate_brick_stairs":2,"minecraft:deepslate_redstone_ore":6,"minecraft:amethyst_cluster":2,"minecraft:blast_furnace":3,"iceandfire:ghost_chest":1,"minecraft:cobblestone":1,"minecraft:oak_planks":6,"minecraft:seagrass":1,"minecraft:tnt":3,"minecraft:wither_rose":1,"minecraft:grass":21,"minecraft:oak_log":38,"minecraft:sand":146,"minecraft:dirt":2,"create:crimsite":2,"minecraft:deepslate":85,"minecraft:tuff":3,"iceandfire:silver_ore":5,"minecraft:mossy_cobblestone":1,"minecraft:deepslate_diamond_ore":8,"minecraft:oak_door":1,"minecraft:ladder":1,"minecraft:potted_bamboo":1,"minecraft:cartography_table":1,"minecraft:large_fern":2,"minecraft:furnace":6,"minecraft:bookshelf":8,"minecraft:deepslate_iron_ore":50,"minecraft:vine":2,"minecraft:lantern":1,"minecraft:stripped_oak_log":2,"minecraft:stone":40,"minecraft:smithing_table":1,"minecraft:glass_pane":1,"travelersbackpack:standard":3,"minecraft:crafting_table":3,"minecraft:tall_grass":2,"minecraft:copper_ore":3,"minecraft:lapis_ore":2,"minecraft:deepslate_gold_ore":3,"minecraft:diorite":1,"minecraft:redstone_torch":1,"minecraft:gray_bed":2,"minecraft:coal_ore":16,"minecraft:gravel":4,"minecraft:cobweb":71,"minecraft:gold_ore":5,"minecraft:fern":1},"minecraft:crafted":{"minecraft:oak_planks":44,"minecraft:glass":152,"minecraft:iron_boots":1,"minecraft:chest":3,"minecraft:golden_axe":1,"minecraft:emerald":37,"minecraft:crafting_table":8,"minecraft:spruce_planks":12,"minecraft:wooden_pickaxe":1,"travelersbackpack:standard":2,"minecraft:iron_helmet":1,"minecraft:red_wool":2,"travelersbackpack:blue_sleeping_bag":1,"travelersbackpack:red_sleeping_bag":1,"minecraft:wooden_hoe":1,"minecraft:iron_chestplate":1,"minecraft:paper":42,"minecraft:shield":2,"minecraft:stick":24,"minecraft:iron_ingot":38,"minecraft:gold_ingot":16,"iceandfire:silver_sword":1,"minecraft:oak_door":1,"minecraft:furnace":4,"graveyard:dark_iron_ingot":1,"minecraft:glass_pane":37,"minecraft:stone_pickaxe":1,"minecraft:diamond_boots":1,"minecraft:filled_map":4,"minecraft:wheat":2,"travelersbackpack:backpack_tank":4,"minecraft:iron_sword":1,"minecraft:bread":9,"minecraft:air":693,"minecraft:blue_dye":4,"minecraft:white_wool":6,"minecraft:blue_wool":2,"minecraft:iron_shovel":1,"minecraft:iron_leggings":1,"minecraft:torch":8},"minecraft:custom":{"minecraft:interact_with_crafting_table":59,"minecraft:open_barrel":57,"minecraft:leave_game":3,"minecraft:time_since_death":25916,"minecraft:damage_resisted":163,"minecraft:sprint_one_cm":430344,"minecraft:damage_blocked_by_shield":4200,"minecraft:drop":100,"minecraft:talked_to_villager":20,"minecraft:play_time":300190,"minecraft:deaths":29,"minecraft:jump":3620,"minecraft:walk_on_water_one_cm":21451,"minecraft:interact_with_furnace":76,"minecraft:traded_with_villager":41,"minecraft:interact_with_cartography_table":2,"minecraft:interact_with_loom":31,"minecraft:sleep_in_bed":5,"minecraft:waystone_activated":1,"minecraft:damage_dealt":31698,"minecraft:player_kills":1,"minecraft:crouch_one_cm":26311,"minecraft:interact_with_smithing_table":1,"minecraft:mob_kills":122,"minecraft:climb_one_cm":4100,"minecraft:walk_one_cm":430008,"minecraft:damage_dealt_absorbed":240,"minecraft:sneak_time":12316,"minecraft:walk_under_water_one_cm":4916,"minecraft:interact_with_lectern":1,"minecraft:interact_with_blast_furnace":3,"minecraft:total_world_time":300190,"minecraft:time_since_rest":25665,"minecraft:damage_taken":10749,"minecraft:damage_absorbed":201,"minecraft:trigger_trapped_chest":4,"minecraft:swim_one_cm":8910,"minecraft:fly_one_cm":946449,"minecraft:open_chest":38,"minecraft:fall_one_cm":205816},"minecraft:used":{"minecraft:beetroot":8,"minecraft:writable_book":1,"minecraft:iron_shovel":158,"minecraft:ladder":1,"minecraft:polished_basalt":10,"minecraft:chest":1,"minecraft:shield":71,"minecraft:iron_sword":63,"minecraft:rotten_flesh":2,"minecraft:iron_chestplate":2,"mowziesmobs:umvuthana_mask_bliss":3,"minecraft:tuff":2,"alexsmobs:lobster_tail":1,"minecraft:villager_spawn_egg":2,"minecraft:lantern":1,"minecraft:iron_helmet":4,"minecraft:rabbit_stew":1,"minecraft:bow":17,"minecraft:oak_sapling":1,"minecraft:furnace":10,"minecraft:gray_bed":2,"minecraft:egg":1,"minecraft:diamond_boots":1,"minecraft:stone_pickaxe":96,"minecraft:oak_planks":40,"minecraft:wooden_pickaxe":8,"minecraft:redstone_block":2,"minecraft:cookie":4,"minecraft:golden_apple":2,"minecraft:sand":9,"alexscaves:cave_book":2,"minecraft:blast_furnace":4,"minecraft:cobbled_deepslate_stairs":2,"minecraft:deepslate_brick_stairs":2,"minecraft:bread":7,"alexscaves:nuclear_siren":1,"minecraft:gravel":1,"minecraft:oak_fence":1,"iceandfire:silver_sword":454,"minecraft:spruce_planks":3,"minecraft:oak_door":1,"minecraft:torch":9,"minecraft:granite":7,"spartanweaponry:silver_battleaxe":3,"minecraft:iron_axe":36,"minecraft:oak_stairs":3,"minecraft:iron_boots":2,"minecraft:cobbled_deepslate":41,"minecraft:enchanted_golden_apple":1,"minecraft:golden_axe":36,"minecraft:iron_leggings":1,"minecraft:pointed_dripstone":6,"minecraft:wheat_seeds":4,"minecraft:cartography_table":2,"minecraft:crafting_table":12,"minecraft:wooden_hoe":6,"minecraft:diamond_pickaxe":300,"minecraft:apple":14,"minecraft:diamond_shovel":3,"iceandfire:graveyard_soil":1,"minecraft:cobblestone":8,"travelersbackpack:standard":10,"minecraft:glass_pane":1,"minecraft:pumpkin_pie":6,"alexsmobs:animal_dictionary":1,"minecraft:stripped_oak_log":2},"minecraft:dropped":{"minecraft:lapis_lazuli":1,"minecraft:crafting_table":1,"iceandfire:ectoplasm":8,"create:crimsite":2,"irons_spellbooks:tarnished_helmet":1,"spartanweaponry:golden_saber":2,"travelersbackpack:standard":3,"iceandfire:graveyard_soil":8,"mowziesmobs:umvuthana_mask_bliss":3,"minecraft:pumpkin_pie":10,"minecraft:writable_book":2,"minecraft:gold_nugget":1,"minecraft:iron_pickaxe":2,"minecraft:compass":10,"minecraft:cobbled_deepslate":23,"minecraft:soul_lantern":1,"minecraft:rotten_flesh":28,"spartanweaponry:stone_battle_hammer":1,"wizards:wand_novice":1,"create:asurine":1,"minecraft:poppy":2,"iceandfire:ghost_chest":2,"minecraft:ladder":3,"minecraft:lectern":1,"minecraft:iron_ingot":13,"minecraft:bread":1,"minecraft:cobbled_deepslate_stairs":2,"minecraft:tnt":3,"minecraft:feather":4,"minecraft:iron_helmet":1,"minecraft:book":64,"minecraft:granite":5,"minecraft:coal":2,"minecraft:deepslate_brick_stairs":2,"artifacts:lucky_scarf":1,"iceandfire:silver_sword":1,"minecraft:oak_stairs":4,"minecraft:paper":6,"minecraft:string":1,"travelersbackpack:red_sleeping_bag":1,"iceandfire:dragonbone":14,"artifacts:kitty_slippers":2,"minecraft:bowl":1,"minecraft:tuff":12,"minecraft:raw_iron":6,"minecraft:villager_spawn_egg":1,"minecraft:name_tag":1,"minecraft:oak_sign":8,"minecraft:glass_pane":1,"minecraft:flint_and_steel":2,"minecraft:blast_furnace":1,"minecraft:filled_map":2,"aether:chainmail_gloves":7,"iceandfire:silver_ingot":4,"artifacts:onion_ring":1,"minecraft:spider_eye":2,"minecraft:spruce_log":2,"iceandfire:dragon_skull_lightning":1},"minecraft:picked_up":{"minecraft:iron_chestplate":10,"minecraft:flower_pot":2,"minecraft:smithing_table":5,"alexscaves:cave_tablet":9,"minecraft:oak_stairs":27,"minecraft:wither_rose":19,"minecraft:polished_deepslate":12,"minecraft:string":168,"minecraft:raw_copper":78,"minecraft:iron_leggings":10,"minecraft:oak_sign":8,"minecraft:beetroot":8,"irons_spellbooks:arcane_essence":23,"minecraft:cobbled_deepslate":531,"minecraft:gold_nugget":103,"minecraft:calcite":9,"minecraft:iron_pickaxe":5,"minecraft:melon_slice":6,"minecraft:furnace":11,"minecraft:iron_boots":6,"minecraft:stick":34,"iceandfire:ghost_chest":7,"minecraft:deepslate_brick_wall":6,"minecraft:oak_fence":3,"minecraft:torch":462,"minecraft:villager_spawn_egg":1,"minecraft:pointed_dripstone":44,"spartanweaponry:silver_battleaxe":1,"artifacts:lucky_scarf":8,"minecraft:rotten_flesh":58,"aether:chainmail_gloves":10,"minecraft:polished_basalt":21,"create:asurine":1,"minecraft:deepslate_brick_stairs":6,"alexsmobs:lobster_tail":2,"minecraft:cobblestone":46,"minecraft:feather":20,"spartanweaponry:handle":3,"alexsmobs:bear_fur":6,"alexscaves:cave_book":3,"minecraft:flint":8,"create:raw_zinc":257,"minecraft:tuff":14,"minecraft:lapis_lazuli":375,"minecraft:lantern":3,"minecraft:name_tag":2,"wizards:wand_novice":1,"minecraft:bone":156,"minecraft:bow":12,"spartanweaponry:iron_greatsword":1,"minecraft:wheat_seeds":6,"minecraft:raw_gold":51,"minecraft:bamboo":77,"minecraft:oak_planks":881,"spartanweaponry:stone_battle_hammer":1,"minecraft:sand":191,"alexsmobs:animal_dictionary":9,"create:crimsite":4,"minecraft:diamond":42,"minecraft:soul_lantern":1,"minecraft:writable_book":6,"minecraft:granite":19,"minecraft:emerald":6,"minecraft:bread":11,"minecraft:oak_sapling":55,"iceandfire:raw_silver":14,"minecraft:diamond_pickaxe":18,"iceandfire:dragon_skull_lightning":9,"minecraft:coarse_dirt":3,"minecraft:crafting_table":20,"minecraft:ladder":11,"graveyard:dark_iron_ingot":5,"minecraft:golden_pickaxe":2,"irons_spellbooks:tarnished_helmet":1,"minecraft:wooden_pickaxe":1,"minecraft:chain":4,"spartanweaponry:golden_saber":2,"minecraft:shield":9,"minecraft:iron_axe":12,"minecraft:flint_and_steel":3,"artifacts:power_glove":8,"minecraft:compass":16,"minecraft:iron_shovel":3,"minecraft:glass_pane":1,"iceandfire:graveyard_soil":25,"graveyard:corruption":3,"minecraft:cartography_table":1,"minecraft:poppy":2,"minecraft:lectern":6,"minecraft:sugar_cane":4,"minecraft:egg":1,"minecraft:raw_iron":163,"iceandfire:dragonbone":72,"minecraft:oak_door":10,"artifacts:vampiric_glove":4,"minecraft:cookie":2,"minecraft:redstone":144,"minecraft:tnt":3,"iceandfire:silver_ingot":20,"artifacts:cowboy_hat":4,"minecraft:arrow":43,"minecraft:pumpkin_pie":6,"minecraft:diamond_boots":2,"artifacts:cross_necklace":6,"mowziesmobs:umvuthana_mask_bliss":5,"minecraft:gold_ingot":82,"minecraft:skeleton_skull":23,"minecraft:bone_block":2,"minecraft:stripped_oak_log":2,"travelersbackpack:red_sleeping_bag":1,"minecraft:filled_map":1,"artifacts:onion_ring":1,"minecraft:oak_log":36,"iceandfire:ectoplasm":73,"minecraft:gunpowder":15,"minecraft:cobbled_deepslate_stairs":6,"artifacts:cloud_in_a_bottle":9,"minecraft:paper":76,"man:cassette_1safetyinstructions":2,"minecraft:apple":19,"minecraft:iron_ingot":113,"minecraft:stone_pickaxe":9,"artifacts:kitty_slippers":5,"minecraft:gray_bed":3,"minecraft:book":548,"minecraft:gravel":1,"minecraft:amethyst_shard":32,"minecraft:blast_furnace":11,"minecraft:spruce_log":31,"minecraft:spider_eye":16,"travelersbackpack:standard":6,"minecraft:diamond_shovel":7,"iceandfire:silver_sword":21,"minecraft:iron_helmet":11,"mowziesmobs:umvuthana_mask_fear":1,"minecraft:coal":206},"minecraft:killed_by":{"graveyard:skeleton_creeper":3,"man:managgresive":3,"minecraft:cave_spider":2,"alexsmobs:rhinoceros":1,"artifacts:mimic":1,"alexsmobs:grizzly_bear":3,"apollyon:the_infector":1,"apollyon:the_damned":2,"alexsmobs:centipede_head":1,"minecraft:skeleton":3,"iceandfire:ghost":9},"minecraft:killed":{"minecraft:cave_spider":14,"graveyard:skeleton_creeper":1,"minecraft:spider":8,"minecraft:skeleton":17,"minecraft:silverfish":2,"irons_spellbooks:summoned_skeleton":2,"artifacts:mimic":5,"alexsmobs:grizzly_bear":1,"minecraft:zombie_villager":1,"minecraft:iron_golem":2,"irons_spellbooks:necromancer":2,"minecraft:creeper":6,"minecraft:zombie":20,"mowziesmobs:umvuthana_raptor":1,"apollyon:the_damned":1,"irons_spellbooks:summoned_zombie":2,"alexscaves:nucleeper":1,"graveyard:ghoul":2,"mowziesmobs:umvuthana_follower_raptor":4,"alexsmobs:rhinoceros":1,"iceandfire:ghost":12,"minecraft:player":1},"minecraft:broken":{"iceandfire:silver_sword":1,"minecraft:bow":1,"minecraft:shield":1,"minecraft:golden_axe":1}},"DataVersion":3465}