{"stats":{"minecraft:picked_up":{"minecraft:iron_chestplate":4,"minecraft:crafting_table":18,"minecraft:ladder":7,"minecraft:flower_pot":2,"minecraft:golden_pickaxe":2,"irons_spellbooks:tarnished_helmet":1,"graveyard:dark_iron_ingot":1,"minecraft:smithing_table":5,"minecraft:wooden_pickaxe":1,"alexscaves:cave_tablet":9,"minecraft:oak_stairs":27,"minecraft:wither_rose":16,"minecraft:chain":4,"spartanweaponry:golden_saber":2,"minecraft:shield":4,"minecraft:polished_deepslate":12,"minecraft:string":68,"minecraft:raw_copper":20,"minecraft:iron_axe":3,"artifacts:power_glove":2,"minecraft:flint_and_steel":2,"minecraft:iron_leggings":4,"minecraft:oak_sign":8,"minecraft:beetroot":8,"graveyard:corruption":3,"irons_spellbooks:arcane_essence":3,"minecraft:gold_nugget":103,"minecraft:cobbled_deepslate":258,"minecraft:calcite":9,"minecraft:iron_pickaxe":2,"minecraft:lectern":6,"minecraft:melon_slice":6,"minecraft:iron_boots":3,"minecraft:furnace":11,"minecraft:stick":28,"minecraft:raw_iron":96,"iceandfire:ghost_chest":6,"minecraft:deepslate_brick_wall":6,"minecraft:oak_fence":3,"minecraft:torch":26,"artifacts:vampiric_glove":4,"minecraft:cookie":2,"minecraft:redstone":107,"minecraft:tnt":3,"iceandfire:silver_ingot":20,"minecraft:arrow":31,"minecraft:rotten_flesh":48,"artifacts:lucky_scarf":2,"artifacts:cowboy_hat":4,"aether:chainmail_gloves":8,"minecraft:polished_basalt":21,"artifacts:cross_necklace":6,"minecraft:gold_ingot":26,"minecraft:skeleton_skull":23,"alexsmobs:lobster_tail":2,"minecraft:cobblestone":8,"minecraft:stripped_oak_log":2,"spartanweaponry:handle":2,"travelersbackpack:red_sleeping_bag":1,"alexsmobs:bear_fur":6,"artifacts:onion_ring":1,"alexscaves:cave_book":2,"minecraft:flint":2,"minecraft:tuff":6,"create:raw_zinc":137,"minecraft:oak_log":36,"iceandfire:ectoplasm":58,"minecraft:gunpowder":13,"artifacts:cloud_in_a_bottle":2,"minecraft:lapis_lazuli":354,"minecraft:paper":35,"man:cassette_1safetyinstructions":2,"wizards:wand_novice":1,"minecraft:bone":90,"minecraft:apple":17,"minecraft:bow":5,"minecraft:wheat_seeds":6,"minecraft:raw_gold":27,"minecraft:iron_ingot":72,"minecraft:stone_pickaxe":9,"artifacts:kitty_slippers":2,"minecraft:bamboo":23,"minecraft:gray_bed":3,"minecraft:oak_planks":730,"minecraft:book":398,"minecraft:gravel":1,"minecraft:sand":24,"minecraft:amethyst_shard":32,"minecraft:blast_furnace":2,"minecraft:spruce_log":31,"minecraft:spider_eye":6,"alexsmobs:animal_dictionary":9,"travelersbackpack:standard":5,"minecraft:diamond_shovel":4,"minecraft:diamond":34,"iceandfire:silver_sword":14,"minecraft:soul_lantern":1,"minecraft:writable_book":6,"minecraft:iron_helmet":4,"minecraft:granite":14,"minecraft:bread":3,"minecraft:oak_sapling":55,"minecraft:coal":66,"iceandfire:raw_silver":8,"minecraft:diamond_pickaxe":7},"minecraft:broken":{"minecraft:golden_axe":1},"minecraft:custom":{"minecraft:interact_with_smithing_table":1,"minecraft:mob_kills":75,"minecraft:interact_with_crafting_table":35,"minecraft:open_barrel":57,"minecraft:leave_game":2,"minecraft:time_since_death":9477,"minecraft:climb_one_cm":2466,"minecraft:sprint_one_cm":272347,"minecraft:walk_one_cm":278934,"minecraft:damage_blocked_by_shield":2250,"minecraft:drop":65,"minecraft:play_time":154233,"minecraft:sneak_time":7804,"minecraft:deaths":21,"minecraft:walk_under_water_one_cm":911,"minecraft:interact_with_lectern":1,"minecraft:jump":2073,"minecraft:interact_with_blast_furnace":2,"minecraft:walk_on_water_one_cm":15840,"minecraft:total_world_time":154233,"minecraft:interact_with_furnace":58,"minecraft:interact_with_cartography_table":1,"minecraft:interact_with_loom":31,"minecraft:sleep_in_bed":5,"minecraft:time_since_rest":9509,"minecraft:damage_taken":7584,"minecraft:trigger_trapped_chest":4,"minecraft:damage_dealt":18830,"minecraft:player_kills":1,"minecraft:swim_one_cm":3225,"minecraft:fly_one_cm":360288,"minecraft:crouch_one_cm":17140,"minecraft:open_chest":5,"minecraft:fall_one_cm":61490},"minecraft:used":{"minecraft:oak_fence":1,"minecraft:beetroot":8,"minecraft:writable_book":1,"iceandfire:silver_sword":276,"minecraft:ladder":1,"minecraft:polished_basalt":10,"minecraft:spruce_planks":3,"minecraft:shield":37,"minecraft:iron_chestplate":1,"minecraft:torch":6,"minecraft:tuff":2,"minecraft:granite":7,"alexsmobs:lobster_tail":1,"minecraft:iron_axe":9,"minecraft:oak_stairs":3,"minecraft:iron_boots":1,"minecraft:bow":10,"minecraft:oak_sapling":1,"minecraft:furnace":8,"minecraft:gray_bed":2,"minecraft:cobbled_deepslate":17,"minecraft:golden_axe":36,"minecraft:wheat_seeds":4,"minecraft:oak_planks":22,"minecraft:stone_pickaxe":96,"minecraft:wooden_pickaxe":8,"minecraft:cookie":4,"minecraft:crafting_table":6,"alexscaves:cave_book":2,"minecraft:wooden_hoe":6,"minecraft:diamond_pickaxe":171,"minecraft:apple":10,"minecraft:diamond_shovel":3,"minecraft:bread":2,"minecraft:gravel":1,"minecraft:cobblestone":5,"travelersbackpack:standard":8,"minecraft:pumpkin_pie":3,"alexsmobs:animal_dictionary":1,"minecraft:stripped_oak_log":2},"minecraft:crafted":{"minecraft:oak_planks":36,"minecraft:furnace":2,"graveyard:dark_iron_ingot":1,"minecraft:glass":24,"minecraft:iron_boots":1,"minecraft:stone_pickaxe":1,"minecraft:chest":2,"minecraft:golden_axe":1,"minecraft:crafting_table":3,"minecraft:spruce_planks":12,"travelersbackpack:backpack_tank":4,"minecraft:wooden_pickaxe":1,"minecraft:iron_helmet":1,"travelersbackpack:standard":2,"minecraft:red_wool":2,"travelersbackpack:blue_sleeping_bag":1,"minecraft:air":207,"travelersbackpack:red_sleeping_bag":1,"minecraft:blue_dye":4,"minecraft:white_wool":6,"minecraft:iron_chestplate":1,"minecraft:wooden_hoe":1,"minecraft:shield":1,"minecraft:stick":20,"minecraft:iron_ingot":38,"minecraft:blue_wool":2,"minecraft:iron_leggings":1,"minecraft:gold_ingot":16,"minecraft:torch":8,"iceandfire:silver_sword":1},"minecraft:killed":{"graveyard:skeleton_creeper":1,"minecraft:spider":6,"minecraft:skeleton":14,"artifacts:mimic":5,"graveyard:ghoul":2,"alexsmobs:grizzly_bear":1,"irons_spellbooks:necromancer":1,"minecraft:creeper":6,"minecraft:zombie":15,"iceandfire:ghost":8,"minecraft:player":1},"minecraft:mined":{"create:deepslate_zinc_ore":23,"minecraft:tuff":3,"iceandfire:silver_ore":4,"minecraft:mossy_cobblestone":1,"minecraft:deepslate_diamond_ore":8,"minecraft:ladder":1,"minecraft:potted_bamboo":1,"minecraft:large_fern":1,"minecraft:furnace":6,"minecraft:iron_ore":15,"minecraft:fire":6,"minecraft:cobbled_deepslate":3,"minecraft:deepslate_lapis_ore":9,"minecraft:deepslate_iron_ore":31,"minecraft:vine":1,"minecraft:oak_stairs":1,"minecraft:stripped_oak_log":2,"minecraft:stone":8,"minecraft:smithing_table":1,"minecraft:deepslate_redstone_ore":6,"minecraft:amethyst_cluster":2,"travelersbackpack:standard":2,"minecraft:crafting_table":1,"iceandfire:ghost_chest":1,"minecraft:tall_grass":1,"minecraft:deepslate_gold_ore":3,"minecraft:oak_planks":4,"minecraft:gray_bed":2,"minecraft:tnt":3,"minecraft:grass":12,"minecraft:coal_ore":16,"minecraft:oak_log":38,"minecraft:gravel":4,"minecraft:cobweb":2,"minecraft:deepslate":80,"minecraft:fern":1},"minecraft:killed_by":{"apollyon:the_infector":1,"graveyard:skeleton_creeper":2,"man:managgresive":2,"apollyon:the_damned":1,"alexsmobs:centipede_head":1,"minecraft:skeleton":2,"artifacts:mimic":1,"alexsmobs:grizzly_bear":3,"iceandfire:ghost":8},"minecraft:dropped":{"minecraft:iron_ingot":13,"minecraft:bread":1,"minecraft:lapis_lazuli":1,"minecraft:tnt":3,"minecraft:crafting_table":1,"minecraft:iron_helmet":1,"minecraft:book":64,"iceandfire:ectoplasm":5,"irons_spellbooks:tarnished_helmet":1,"spartanweaponry:golden_saber":2,"travelersbackpack:standard":3,"minecraft:coal":2,"artifacts:lucky_scarf":1,"iceandfire:silver_sword":1,"minecraft:writable_book":2,"minecraft:oak_stairs":4,"minecraft:gold_nugget":1,"minecraft:pumpkin_pie":7,"minecraft:iron_pickaxe":2,"minecraft:string":1,"travelersbackpack:red_sleeping_bag":1,"artifacts:kitty_slippers":2,"minecraft:tuff":4,"minecraft:raw_iron":6,"minecraft:soul_lantern":1,"minecraft:rotten_flesh":23,"wizards:wand_novice":1,"minecraft:oak_sign":8,"minecraft:flint_and_steel":2,"iceandfire:ghost_chest":1,"aether:chainmail_gloves":7,"iceandfire:silver_ingot":4,"artifacts:onion_ring":1,"minecraft:spider_eye":1,"minecraft:spruce_log":2,"minecraft:lectern":1}},"DataVersion":3465}