{"stats":{"minecraft:picked_up":{"minecraft:crafting_table":14,"minecraft:ladder":6,"minecraft:flower_pot":2,"minecraft:smithing_table":1,"minecraft:wooden_pickaxe":1,"minecraft:oak_stairs":25,"alexsmobs:bear_fur":3,"minecraft:wither_rose":8,"minecraft:oak_log":33,"minecraft:tuff":2,"create:raw_zinc":11,"minecraft:chain":4,"iceandfire:ectoplasm":48,"minecraft:gunpowder":2,"minecraft:polished_deepslate":12,"minecraft:lapis_lazuli":98,"minecraft:string":34,"man:cassette_1safetyinstructions":2,"minecraft:bone":20,"minecraft:beetroot":8,"minecraft:oak_sign":8,"minecraft:apple":10,"minecraft:wheat_seeds":6,"minecraft:gold_nugget":96,"minecraft:cobbled_deepslate":46,"minecraft:raw_gold":2,"minecraft:iron_ingot":16,"minecraft:stone_pickaxe":9,"artifacts:kitty_slippers":1,"minecraft:calcite":9,"minecraft:bamboo":2,"minecraft:lectern":6,"minecraft:melon_slice":6,"minecraft:gray_bed":3,"minecraft:oak_planks":415,"minecraft:furnace":2,"minecraft:book":196,"minecraft:stick":28,"minecraft:raw_iron":56,"iceandfire:ghost_chest":6,"minecraft:deepslate_brick_wall":6,"minecraft:oak_fence":2,"minecraft:gravel":1,"artifacts:vampiric_glove":1,"minecraft:amethyst_shard":8,"minecraft:spruce_log":23,"minecraft:spider_eye":1,"alexsmobs:animal_dictionary":9,"iceandfire:silver_ingot":20,"minecraft:rotten_flesh":6,"artifacts:cowboy_hat":2,"minecraft:diamond":6,"iceandfire:silver_sword":8,"minecraft:soul_lantern":1,"minecraft:writable_book":6,"minecraft:polished_basalt":21,"minecraft:granite":14,"artifacts:cross_necklace":1,"minecraft:gold_ingot":12,"minecraft:oak_sapling":55,"iceandfire:raw_silver":8,"minecraft:skeleton_skull":23,"alexsmobs:lobster_tail":2,"minecraft:cobblestone":8},"minecraft:broken":{"minecraft:golden_axe":1},"minecraft:used":{"minecraft:beetroot":8,"minecraft:wheat_seeds":4,"minecraft:writable_book":1,"iceandfire:silver_sword":139,"minecraft:oak_planks":17,"minecraft:stone_pickaxe":96,"minecraft:wooden_pickaxe":8,"minecraft:polished_basalt":10,"minecraft:spruce_planks":3,"minecraft:crafting_table":4,"minecraft:tuff":2,"minecraft:granite":7,"minecraft:wooden_hoe":6,"minecraft:diamond_pickaxe":86,"minecraft:apple":5,"alexsmobs:lobster_tail":1,"minecraft:oak_stairs":3,"minecraft:gravel":1,"minecraft:cobblestone":5,"minecraft:furnace":2,"minecraft:oak_sapling":1,"minecraft:gray_bed":2,"alexsmobs:animal_dictionary":1,"minecraft:cobbled_deepslate":2,"minecraft:golden_axe":36},"minecraft:custom":{"minecraft:interact_with_smithing_table":1,"minecraft:interact_with_furnace":8,"minecraft:mob_kills":30,"minecraft:interact_with_crafting_table":11,"minecraft:open_barrel":10,"minecraft:leave_game":1,"minecraft:time_since_death":22296,"minecraft:climb_one_cm":2372,"minecraft:sleep_in_bed":1,"minecraft:time_since_rest":22111,"minecraft:sprint_one_cm":186804,"minecraft:damage_taken":5155,"minecraft:walk_one_cm":163597,"minecraft:trigger_trapped_chest":3,"minecraft:drop":15,"minecraft:damage_dealt":8853,"minecraft:swim_one_cm":3225,"minecraft:fly_one_cm":178877,"minecraft:open_chest":1,"minecraft:play_time":70449,"minecraft:crouch_one_cm":10953,"minecraft:sneak_time":4186,"minecraft:deaths":16,"minecraft:walk_under_water_one_cm":366,"minecraft:interact_with_lectern":1,"minecraft:jump":1232,"minecraft:walk_on_water_one_cm":11145,"minecraft:total_world_time":70449,"minecraft:fall_one_cm":24258},"minecraft:crafted":{"minecraft:golden_axe":1,"minecraft:oak_planks":36,"minecraft:crafting_table":3,"minecraft:spruce_planks":12,"minecraft:wooden_pickaxe":1,"minecraft:furnace":1,"minecraft:air":137,"minecraft:wooden_hoe":1,"minecraft:stick":12,"minecraft:iron_ingot":16,"minecraft:stone_pickaxe":1,"iceandfire:silver_sword":1},"minecraft:killed":{"alexsmobs:grizzly_bear":1,"graveyard:skeleton_creeper":1,"minecraft:spider":4,"minecraft:creeper":2,"minecraft:zombie":3,"iceandfire:ghost":8,"artifacts:mimic":4},"minecraft:mined":{"minecraft:smithing_table":1,"create:deepslate_zinc_ore":11,"minecraft:tuff":2,"iceandfire:silver_ore":4,"minecraft:mossy_cobblestone":1,"minecraft:deepslate_diamond_ore":6,"minecraft:amethyst_cluster":2,"iceandfire:ghost_chest":1,"minecraft:oak_planks":1,"minecraft:tall_grass":1,"minecraft:deepslate_gold_ore":2,"minecraft:potted_bamboo":1,"minecraft:large_fern":1,"minecraft:furnace":2,"minecraft:iron_ore":15,"minecraft:gray_bed":2,"minecraft:deepslate_lapis_ore":9,"minecraft:grass":10,"minecraft:oak_log":35,"minecraft:deepslate_iron_ore":23,"minecraft:vine":1,"minecraft:oak_stairs":1,"minecraft:gravel":1,"minecraft:cobweb":1,"minecraft:stone":8,"minecraft:deepslate":53,"minecraft:fern":1},"minecraft:killed_by":{"man:managgresive":2,"artifacts:mimic":1,"apollyon:the_infector":1,"alexsmobs:grizzly_bear":3,"iceandfire:ghost":8,"graveyard:skeleton_creeper":1},"minecraft:dropped":{"minecraft:lapis_lazuli":1,"artifacts:kitty_slippers":1,"minecraft:crafting_table":1,"minecraft:soul_lantern":1,"minecraft:rotten_flesh":3,"minecraft:oak_sign":8,"iceandfire:ghost_chest":1,"iceandfire:silver_ingot":4,"minecraft:oak_stairs":3,"minecraft:writable_book":2,"minecraft:lectern":1}},"DataVersion":3465}