{"stats":{"minecraft:picked_up":{"iceandfire:dragon_skull_lightning":8,"minecraft:iron_chestplate":9,"minecraft:crafting_table":19,"minecraft:ladder":11,"minecraft:flower_pot":2,"minecraft:golden_pickaxe":2,"irons_spellbooks:tarnished_helmet":1,"graveyard:dark_iron_ingot":5,"minecraft:smithing_table":5,"minecraft:wooden_pickaxe":1,"alexscaves:cave_tablet":9,"minecraft:oak_stairs":27,"minecraft:wither_rose":17,"minecraft:chain":4,"spartanweaponry:golden_saber":2,"minecraft:shield":7,"minecraft:polished_deepslate":12,"minecraft:string":78,"minecraft:raw_copper":76,"minecraft:iron_axe":9,"artifacts:power_glove":7,"minecraft:flint_and_steel":2,"minecraft:iron_leggings":9,"minecraft:iron_shovel":2,"minecraft:oak_sign":8,"minecraft:beetroot":8,"graveyard:corruption":3,"iceandfire:graveyard_soil":25,"irons_spellbooks:arcane_essence":18,"minecraft:cartography_table":1,"minecraft:gold_nugget":103,"minecraft:cobbled_deepslate":524,"minecraft:poppy":2,"minecraft:calcite":9,"minecraft:iron_pickaxe":2,"minecraft:lectern":6,"minecraft:melon_slice":6,"minecraft:sugar_cane":2,"minecraft:egg":1,"minecraft:iron_boots":6,"minecraft:furnace":11,"minecraft:stick":32,"minecraft:raw_iron":111,"iceandfire:dragonbone":40,"iceandfire:ghost_chest":7,"minecraft:oak_door":10,"minecraft:deepslate_brick_wall":6,"minecraft:oak_fence":3,"minecraft:torch":189,"artifacts:vampiric_glove":4,"minecraft:villager_spawn_egg":1,"minecraft:cookie":2,"minecraft:redstone":133,"minecraft:tnt":3,"iceandfire:silver_ingot":20,"minecraft:arrow":35,"minecraft:rotten_flesh":56,"artifacts:lucky_scarf":7,"artifacts:cowboy_hat":4,"minecraft:diamond_boots":1,"minecraft:pumpkin_pie":6,"aether:chainmail_gloves":8,"minecraft:polished_basalt":21,"create:asurine":1,"artifacts:cross_necklace":6,"mowziesmobs:umvuthana_mask_bliss":5,"minecraft:gold_ingot":82,"minecraft:deepslate_brick_stairs":4,"minecraft:bone_block":1,"minecraft:skeleton_skull":23,"alexsmobs:lobster_tail":2,"minecraft:cobblestone":8,"minecraft:stripped_oak_log":2,"minecraft:feather":16,"spartanweaponry:handle":3,"minecraft:cobbled_deepslate_stairs":4,"travelersbackpack:red_sleeping_bag":1,"alexsmobs:bear_fur":6,"artifacts:onion_ring":1,"alexscaves:cave_book":3,"minecraft:flint":7,"minecraft:tuff":14,"create:raw_zinc":237,"minecraft:oak_log":36,"iceandfire:ectoplasm":70,"minecraft:gunpowder":13,"artifacts:cloud_in_a_bottle":8,"minecraft:lapis_lazuli":354,"minecraft:paper":64,"minecraft:lantern":2,"man:cassette_1safetyinstructions":2,"wizards:wand_novice":1,"minecraft:bone":138,"minecraft:apple":19,"minecraft:bow":10,"minecraft:wheat_seeds":6,"minecraft:raw_gold":37,"minecraft:iron_ingot":106,"minecraft:stone_pickaxe":9,"artifacts:kitty_slippers":2,"minecraft:bamboo":68,"minecraft:gray_bed":3,"minecraft:oak_planks":880,"minecraft:book":515,"spartanweaponry:stone_battle_hammer":1,"minecraft:gravel":1,"minecraft:sand":134,"minecraft:amethyst_shard":32,"minecraft:blast_furnace":7,"minecraft:spruce_log":31,"minecraft:spider_eye":6,"alexsmobs:animal_dictionary":9,"travelersbackpack:standard":5,"minecraft:diamond_shovel":5,"create:crimsite":4,"minecraft:diamond":42,"iceandfire:silver_sword":20,"minecraft:soul_lantern":1,"minecraft:writable_book":6,"minecraft:iron_helmet":10,"minecraft:granite":14,"minecraft:emerald":6,"minecraft:bread":11,"mowziesmobs:umvuthana_mask_fear":1,"minecraft:oak_sapling":55,"minecraft:coal":136,"iceandfire:raw_silver":14,"minecraft:coarse_dirt":3,"minecraft:diamond_pickaxe":17},"minecraft:broken":{"minecraft:shield":1,"minecraft:golden_axe":1,"minecraft:bow":1},"minecraft:custom":{"minecraft:interact_with_smithing_table":1,"minecraft:mob_kills":94,"minecraft:interact_with_crafting_table":42,"minecraft:open_barrel":57,"minecraft:leave_game":2,"minecraft:time_since_death":1778,"minecraft:climb_one_cm":4100,"minecraft:sprint_one_cm":372802,"minecraft:walk_one_cm":333717,"minecraft:damage_blocked_by_shield":2970,"minecraft:drop":87,"minecraft:damage_dealt_absorbed":240,"minecraft:talked_to_villager":8,"minecraft:play_time":190233,"minecraft:sneak_time":10125,"minecraft:deaths":27,"minecraft:walk_under_water_one_cm":4615,"minecraft:interact_with_lectern":1,"minecraft:jump":3093,"minecraft:interact_with_blast_furnace":2,"minecraft:walk_on_water_one_cm":17812,"minecraft:total_world_time":190233,"minecraft:interact_with_furnace":58,"minecraft:traded_with_villager":5,"minecraft:interact_with_cartography_table":2,"minecraft:interact_with_loom":31,"minecraft:sleep_in_bed":5,"minecraft:time_since_rest":1804,"minecraft:waystone_activated":1,"minecraft:damage_taken":9463,"minecraft:trigger_trapped_chest":4,"minecraft:damage_dealt":25364,"minecraft:player_kills":1,"minecraft:swim_one_cm":6050,"minecraft:fly_one_cm":807317,"minecraft:crouch_one_cm":20459,"minecraft:open_chest":9,"minecraft:fall_one_cm":164900},"minecraft:used":{"minecraft:oak_fence":1,"minecraft:beetroot":8,"minecraft:iron_shovel":98,"minecraft:writable_book":1,"iceandfire:silver_sword":369,"minecraft:ladder":1,"minecraft:polished_basalt":10,"minecraft:spruce_planks":3,"minecraft:shield":45,"minecraft:oak_door":1,"minecraft:iron_chestplate":2,"minecraft:torch":6,"mowziesmobs:umvuthana_mask_bliss":3,"minecraft:tuff":2,"minecraft:granite":7,"minecraft:villager_spawn_egg":2,"alexsmobs:lobster_tail":1,"minecraft:lantern":1,"minecraft:iron_axe":33,"minecraft:oak_stairs":3,"minecraft:iron_helmet":4,"minecraft:iron_boots":2,"minecraft:rabbit_stew":1,"minecraft:bow":15,"minecraft:oak_sapling":1,"minecraft:furnace":8,"minecraft:gray_bed":2,"minecraft:egg":1,"minecraft:cobbled_deepslate":35,"minecraft:iron_leggings":1,"minecraft:golden_axe":36,"minecraft:wheat_seeds":4,"minecraft:diamond_boots":1,"minecraft:cartography_table":2,"minecraft:oak_planks":40,"minecraft:stone_pickaxe":96,"minecraft:wooden_pickaxe":8,"minecraft:cookie":4,"minecraft:sand":5,"minecraft:crafting_table":10,"alexscaves:cave_book":2,"minecraft:wooden_hoe":6,"minecraft:diamond_pickaxe":199,"minecraft:apple":13,"minecraft:diamond_shovel":3,"minecraft:bread":2,"iceandfire:graveyard_soil":1,"minecraft:gravel":1,"minecraft:cobblestone":5,"travelersbackpack:standard":8,"minecraft:pumpkin_pie":6,"alexsmobs:animal_dictionary":1,"minecraft:stripped_oak_log":2},"minecraft:crafted":{"minecraft:oak_door":1,"minecraft:oak_planks":36,"minecraft:furnace":2,"graveyard:dark_iron_ingot":1,"minecraft:glass":24,"minecraft:iron_boots":1,"minecraft:diamond_boots":1,"minecraft:stone_pickaxe":1,"minecraft:chest":2,"minecraft:golden_axe":1,"minecraft:emerald":5,"minecraft:crafting_table":6,"minecraft:spruce_planks":12,"travelersbackpack:backpack_tank":4,"minecraft:wooden_pickaxe":1,"minecraft:iron_helmet":1,"travelersbackpack:standard":2,"minecraft:red_wool":2,"travelersbackpack:blue_sleeping_bag":1,"minecraft:air":342,"travelersbackpack:red_sleeping_bag":1,"minecraft:blue_dye":4,"minecraft:paper":42,"minecraft:white_wool":6,"minecraft:iron_chestplate":1,"minecraft:wooden_hoe":1,"minecraft:shield":2,"minecraft:stick":24,"minecraft:iron_ingot":38,"minecraft:iron_shovel":1,"minecraft:blue_wool":2,"minecraft:iron_leggings":1,"minecraft:gold_ingot":16,"minecraft:torch":8,"iceandfire:silver_sword":1},"minecraft:killed":{"graveyard:skeleton_creeper":1,"minecraft:spider":7,"minecraft:skeleton":14,"minecraft:silverfish":2,"artifacts:mimic":5,"minecraft:zombie_villager":1,"graveyard:ghoul":2,"alexsmobs:grizzly_bear":1,"minecraft:iron_golem":2,"mowziesmobs:umvuthana_follower_raptor":4,"irons_spellbooks:necromancer":1,"alexsmobs:rhinoceros":1,"minecraft:creeper":6,"minecraft:zombie":17,"iceandfire:ghost":12,"minecraft:player":1,"mowziesmobs:umvuthana_raptor":1},"minecraft:mined":{"minecraft:cobbled_deepslate_stairs":2,"create:deepslate_zinc_ore":23,"minecraft:tuff":3,"iceandfire:graveyard_soil":10,"iceandfire:silver_ore":5,"minecraft:mossy_cobblestone":1,"minecraft:deepslate_diamond_ore":8,"minecraft:oak_door":1,"minecraft:ladder":1,"minecraft:deepslate_bricks":1,"minecraft:cartography_table":1,"minecraft:composter":1,"minecraft:potted_bamboo":1,"minecraft:large_fern":2,"minecraft:furnace":6,"minecraft:iron_ore":15,"minecraft:fire":6,"minecraft:cobbled_deepslate":4,"minecraft:deepslate_lapis_ore":9,"minecraft:bookshelf":8,"create:asurine":2,"minecraft:deepslate_iron_ore":43,"minecraft:vine":2,"minecraft:oak_stairs":1,"minecraft:lantern":1,"minecraft:deepslate_brick_stairs":2,"minecraft:stripped_oak_log":2,"minecraft:stone":9,"minecraft:smithing_table":1,"minecraft:deepslate_redstone_ore":6,"minecraft:amethyst_cluster":2,"travelersbackpack:standard":2,"minecraft:crafting_table":2,"iceandfire:ghost_chest":1,"minecraft:copper_ore":2,"minecraft:tall_grass":2,"minecraft:deepslate_gold_ore":3,"minecraft:oak_planks":5,"minecraft:seagrass":1,"minecraft:gray_bed":2,"minecraft:tnt":3,"minecraft:wither_rose":1,"minecraft:grass":21,"minecraft:coal_ore":16,"minecraft:oak_log":38,"minecraft:sand":88,"minecraft:gravel":4,"minecraft:cobweb":2,"create:crimsite":2,"minecraft:deepslate":80,"minecraft:fern":1},"minecraft:killed_by":{"apollyon:the_infector":1,"graveyard:skeleton_creeper":3,"man:managgresive":3,"apollyon:the_damned":2,"alexsmobs:centipede_head":1,"minecraft:skeleton":3,"alexsmobs:rhinoceros":1,"artifacts:mimic":1,"alexsmobs:grizzly_bear":3,"iceandfire:ghost":9},"minecraft:dropped":{"minecraft:iron_ingot":13,"minecraft:bread":1,"minecraft:lapis_lazuli":1,"minecraft:tnt":3,"minecraft:crafting_table":1,"minecraft:feather":4,"minecraft:iron_helmet":1,"minecraft:book":64,"iceandfire:ectoplasm":8,"create:crimsite":2,"irons_spellbooks:tarnished_helmet":1,"spartanweaponry:golden_saber":2,"travelersbackpack:standard":3,"minecraft:coal":2,"artifacts:lucky_scarf":1,"mowziesmobs:umvuthana_mask_bliss":2,"iceandfire:silver_sword":1,"minecraft:writable_book":2,"minecraft:oak_stairs":4,"minecraft:gold_nugget":1,"minecraft:pumpkin_pie":10,"minecraft:iron_pickaxe":2,"minecraft:paper":6,"minecraft:string":1,"travelersbackpack:red_sleeping_bag":1,"iceandfire:dragonbone":14,"minecraft:bowl":1,"artifacts:kitty_slippers":2,"minecraft:tuff":12,"minecraft:raw_iron":6,"minecraft:soul_lantern":1,"minecraft:rotten_flesh":28,"minecraft:villager_spawn_egg":1,"create:asurine":1,"spartanweaponry:stone_battle_hammer":1,"wizards:wand_novice":1,"minecraft:oak_sign":8,"minecraft:flint_and_steel":2,"minecraft:poppy":2,"iceandfire:ghost_chest":2,"aether:chainmail_gloves":7,"iceandfire:silver_ingot":4,"minecraft:ladder":3,"artifacts:onion_ring":1,"minecraft:spider_eye":1,"minecraft:spruce_log":2,"iceandfire:dragon_skull_lightning":1,"minecraft:lectern":1}},"DataVersion":3465}