{"stats":{"minecraft:mined":{"minecraft:grass_block":1,"minecraft:horn_coral_fan":1,"minecraft:frosted_ice":3,"minecraft:kelp":1,"minecraft:smooth_stone":3,"minecraft:magma_block":3,"minecraft:furnace":3,"minecraft:iron_ore":16,"create:red_seat":4,"minecraft:stone":116,"create:veridium":6,"minecraft:oak_slab":2,"minecraft:cut_sandstone":1,"minecraft:crafting_table":9,"minecraft:torch":2,"minecraft:oak_wood":40,"minecraft:poppy":3,"minecraft:cobblestone":3,"minecraft:tall_grass":5,"minecraft:copper_ore":2,"minecraft:oak_planks":3,"minecraft:grass":8,"minecraft:coal_ore":35,"minecraft:oak_log":11,"minecraft:sand":1,"minecraft:dirt":1,"minecraft:oak_leaves":2},"minecraft:crafted":{"minecraft:wooden_sword":1,"minecraft:oak_planks":22,"minecraft:cooked_mutton":2,"spartanweaponry:wooden_boomerang":1,"minecraft:stone_pickaxe":3,"minecraft:red_dye":3,"minecraft:oak_slab":6,"minecraft:cooked_porkchop":3,"minecraft:crafting_table":1,"minecraft:wooden_pickaxe":1,"create:red_seat":2,"spartanweaponry:handle":2,"minecraft:red_wool":2,"spartanweaponry:iron_boomerang":2,"minecraft:stone_axe":1,"minecraft:air":93,"minecraft:oak_boat":2,"minecraft:shield":2,"minecraft:stick":13,"minecraft:iron_ingot":18,"minecraft:stone_sword":1,"minecraft:torch":4},"minecraft:used":{"minecraft:stone_sword":52,"minecraft:shield":7,"minecraft:rotten_flesh":2,"minecraft:torch":13,"minecraft:dirt":2,"minecraft:oak_wood":1,"minecraft:magma_block":3,"minecraft:furnace":2,"minecraft:cooked_mutton":2,"minecraft:stone_pickaxe":177,"minecraft:oak_planks":3,"minecraft:wooden_pickaxe":19,"create:red_seat":4,"minecraft:cut_sandstone":1,"spartanweaponry:iron_boomerang":5,"wizards:wizard_robe_feet":2,"minecraft:leather_boots":1,"minecraft:sand":1,"minecraft:oak_slab":3,"minecraft:crafting_table":7,"minecraft:cod":1,"spartanweaponry:stone_boomerang":6,"spartanweaponry:wooden_boomerang":8,"minecraft:stone_axe":60,"minecraft:fishing_rod":5,"minecraft:wooden_sword":5,"minecraft:cobblestone":19,"minecraft:cooked_porkchop":4,"minecraft:porkchop":1,"minecraft:oak_boat":2,"minecraft:smooth_stone":2},"minecraft:picked_up":{"minecraft:fishing_rod":2,"minecraft:crafting_table":17,"wizards:wizard_robe_feet":2,"minecraft:wooden_pickaxe":9,"alexscaves:cave_tablet":1,"minecraft:shield":3,"minecraft:string":2,"minecraft:raw_copper":4,"minecraft:wooden_sword":1,"irons_spellbooks:arcane_essence":2,"minecraft:smooth_stone":7,"minecraft:red_dye":1,"minecraft:oak_boat":3,"minecraft:poppy":3,"minecraft:light_gray_wool":1,"minecraft:sugar_cane":13,"minecraft:furnace":9,"minecraft:egg":1,"minecraft:raw_iron":16,"minecraft:stick":13,"minecraft:torch":28,"minecraft:porkchop":5,"minecraft:stone_sword":8,"minecraft:arrow":2,"minecraft:rotten_flesh":5,"minecraft:tropical_fish":1,"create:veridium":6,"minecraft:gold_ingot":3,"create:red_seat":5,"minecraft:mutton":9,"minecraft:cod":2,"minecraft:white_wool":6,"minecraft:cobblestone":200,"minecraft:magma_block":12,"minecraft:salmon":1,"minecraft:brown_wool":1,"minecraft:cut_sandstone":3,"minecraft:filled_map":3,"create:raw_zinc":4,"minecraft:oak_log":11,"minecraft:dirt":3,"minecraft:leather_boots":1,"minecraft:cooked_mutton":1,"minecraft:bone":1,"minecraft:kelp":5,"minecraft:bow":1,"minecraft:wheat_seeds":2,"minecraft:iron_ingot":23,"minecraft:stone_pickaxe":24,"minecraft:oak_planks":192,"minecraft:oak_slab":8,"minecraft:cooked_porkchop":5,"minecraft:sand":1,"minecraft:oak_wood":71,"minecraft:stone_axe":8,"minecraft:bone_meal":1,"minecraft:oak_sapling":4,"minecraft:coal":279},"minecraft:killed":{"minecraft:spider":1,"minecraft:skeleton":1,"minecraft:pig":3,"minecraft:creeper":1,"minecraft:sheep":8,"minecraft:zombie":2,"minecraft:player":2},"minecraft:killed_by":{"minecraft:player":2,"minecraft:drowned":1,"apollyon:the_damned":4},"minecraft:dropped":{"spartanweaponry:handle":1,"minecraft:oak_slab":1,"spartanweaponry:iron_boomerang":5,"minecraft:crafting_table":4,"minecraft:cooked_porkchop":4,"minecraft:cobblestone":1,"minecraft:tropical_fish":1,"minecraft:cod":1,"minecraft:stick":2,"spartanweaponry:wooden_boomerang":8,"minecraft:cut_sandstone":2,"minecraft:fishing_rod":1,"wizards:wizard_robe_feet":1,"minecraft:furnace":2,"minecraft:stone_axe":6,"minecraft:stone_sword":4,"minecraft:rotten_flesh":3,"minecraft:light_gray_wool":1,"minecraft:cooked_mutton":1,"minecraft:salmon":1,"spartanweaponry:stone_boomerang":4,"minecraft:oak_wood":2,"create:red_seat":1,"minecraft:leather_boots":1,"minecraft:oak_boat":2,"minecraft:wooden_pickaxe":5,"minecraft:stone_pickaxe":18},"minecraft:custom":{"minecraft:mob_kills":16,"minecraft:interact_with_crafting_table":36,"minecraft:leave_game":1,"minecraft:time_since_death":18992,"minecraft:sprint_one_cm":113033,"minecraft:walk_one_cm":290112,"minecraft:damage_blocked_by_shield":360,"minecraft:drop":83,"minecraft:play_time":92590,"minecraft:deaths":7,"minecraft:sneak_time":2286,"minecraft:walk_under_water_one_cm":25706,"minecraft:boat_one_cm":195344,"minecraft:jump":949,"minecraft:walk_on_water_one_cm":35941,"minecraft:total_world_time":92590,"minecraft:interact_with_furnace":19,"minecraft:time_since_rest":19049,"minecraft:damage_taken":2688,"minecraft:damage_dealt":2055,"minecraft:swim_one_cm":21591,"minecraft:fly_one_cm":164265,"minecraft:player_kills":2,"minecraft:open_chest":6,"minecraft:crouch_one_cm":3605,"minecraft:fish_caught":2,"minecraft:fall_one_cm":20338}},"DataVersion":3465}