{"stats":{"minecraft:picked_up":{"minecraft:cocoa_beans":76,"minecraft:crafting_table":4,"minecraft:ladder":6,"alexscaves:cave_tablet":4,"minecraft:stone_brick_wall":2,"minecraft:wither_rose":8,"minecraft:chain":8,"minecraft:polished_deepslate":14,"minecraft:string":15,"minecraft:flint_and_steel":3,"minecraft:oak_sign":1,"graveyard:corruption":3,"minecraft:smooth_stone":7,"minecraft:gold_nugget":66,"minecraft:candle":11,"minecraft:cobbled_deepslate":141,"minecraft:iron_pickaxe":14,"minecraft:melon_slice":3,"minecraft:furnace":1,"minecraft:stick":51,"minecraft:raw_iron":26,"minecraft:deepslate_brick_wall":26,"minecraft:torch":5,"minecraft:green_bed":1,"minecraft:tnt":7,"iceandfire:silver_ingot":2,"minecraft:rotten_flesh":17,"minecraft:pumpkin_pie":8,"aether:chainmail_gloves":3,"minecraft:polished_basalt":3,"minecraft:gold_ingot":1,"minecraft:skeleton_skull":15,"alexsmobs:lobster_tail":1,"minecraft:cobblestone":42,"minecraft:flint":1,"alexscaves:cave_book":1,"create:raw_zinc":20,"minecraft:oak_log":21,"iceandfire:ectoplasm":9,"minecraft:gunpowder":4,"minecraft:wooden_hoe":1,"minecraft:lapis_lazuli":10,"minecraft:lantern":12,"wizards:wand_novice":3,"minecraft:bone":12,"minecraft:apple":3,"minecraft:wheat_seeds":10,"minecraft:raw_gold":6,"minecraft:iron_ingot":1,"minecraft:stone_pickaxe":4,"artifacts:kitty_slippers":2,"minecraft:bamboo":36,"minecraft:oak_planks":300,"minecraft:book":192,"minecraft:oak_slab":4,"minecraft:gravel":9,"minecraft:sand":99,"minecraft:blast_furnace":1,"minecraft:spruce_log":9,"minecraft:spruce_door":7,"minecraft:barrel":2,"alexsmobs:animal_dictionary":14,"minecraft:diamond":2,"minecraft:stone_axe":5,"iceandfire:silver_sword":19,"minecraft:writable_book":1,"minecraft:oak_sapling":1},"minecraft:used":{"iceandfire:silver_sword":66,"minecraft:flint_and_steel":5,"minecraft:ladder":6,"minecraft:oak_sign":1,"minecraft:rotten_flesh":5,"minecraft:torch":16,"minecraft:lantern":5,"minecraft:furnace":1,"minecraft:oak_sapling":1,"minecraft:stone_pickaxe":27,"minecraft:oak_planks":2,"minecraft:wooden_pickaxe":16,"minecraft:oak_slab":2,"minecraft:crafting_table":2,"wizards:wand_novice":1,"minecraft:blast_furnace":1,"minecraft:stone_brick_wall":1,"minecraft:apple":1,"minecraft:iron_pickaxe":70,"minecraft:gravel":9,"minecraft:stone_axe":34,"minecraft:pumpkin_pie":1,"minecraft:wither_rose":2,"alexsmobs:animal_dictionary":2,"minecraft:candle":10},"minecraft:custom":{"minecraft:mob_kills":10,"minecraft:interact_with_crafting_table":10,"minecraft:open_barrel":25,"minecraft:leave_game":1,"minecraft:time_since_death":31450,"minecraft:climb_one_cm":6554,"minecraft:sprint_one_cm":73077,"minecraft:walk_one_cm":261784,"minecraft:drop":104,"minecraft:play_time":61876,"minecraft:deaths":7,"minecraft:sneak_time":528,"minecraft:walk_under_water_one_cm":280,"minecraft:interact_with_lectern":2,"minecraft:jump":746,"minecraft:interact_with_blast_furnace":7,"minecraft:walk_on_water_one_cm":3938,"minecraft:total_world_time":61876,"minecraft:interact_with_furnace":5,"minecraft:interact_with_loom":4,"minecraft:sleep_in_bed":2,"minecraft:time_since_rest":7836,"minecraft:damage_taken":2260,"minecraft:damage_dealt":2334,"minecraft:swim_one_cm":1628,"minecraft:fly_one_cm":72977,"minecraft:open_chest":1,"minecraft:crouch_one_cm":1294,"minecraft:fall_one_cm":16847},"minecraft:crafted":{"minecraft:oak_planks":9,"minecraft:flint_and_steel":1,"minecraft:stone_pickaxe":1,"minecraft:crafting_table":1,"minecraft:wooden_pickaxe":1,"minecraft:stone_axe":1,"minecraft:bread":4,"minecraft:air":56,"minecraft:stick":2,"minecraft:iron_pickaxe":1,"minecraft:iron_ingot":25,"minecraft:gold_ingot":4,"iceandfire:silver_sword":1},"minecraft:killed":{"alexsmobs:lobster":1,"minecraft:zombie":2,"iceandfire:ghost":2},"minecraft:mined":{"create:deepslate_zinc_ore":20,"minecraft:deepslate_diamond_ore":1,"minecraft:candle":6,"minecraft:stone_brick_wall":1,"minecraft:smooth_stone":1,"minecraft:furnace":1,"minecraft:barrel":2,"minecraft:deepslate_lapis_ore":2,"minecraft:polished_deepslate":2,"minecraft:bookshelf":8,"minecraft:deepslate_iron_ore":16,"minecraft:lantern":2,"minecraft:bamboo":1,"minecraft:stone":15,"minecraft:green_bed":1,"minecraft:spruce_door":1,"minecraft:crafting_table":3,"minecraft:blast_furnace":1,"minecraft:calcite":1,"minecraft:melon":1,"minecraft:tall_grass":2,"minecraft:deepslate_gold_ore":6,"minecraft:wall_torch":5,"minecraft:skeleton_skull":1,"minecraft:chain":9,"minecraft:wither_rose":4,"minecraft:grass":4,"minecraft:oak_log":9,"minecraft:cocoa":7,"minecraft:gravel":8,"minecraft:cobweb":9,"minecraft:oak_leaves":6,"minecraft:deepslate":32},"minecraft:killed_by":{"minecraft:creeper":2,"minecraft:zombie":2,"iceandfire:ghost":3},"minecraft:dropped":{"minecraft:iron_ingot":1,"minecraft:bread":3,"minecraft:candle":1,"minecraft:wheat_seeds":4,"minecraft:tnt":4,"minecraft:diamond":1,"minecraft:iron_helmet":1,"minecraft:book":1,"minecraft:lantern":1,"iceandfire:ectoplasm":8,"minecraft:wooden_hoe":1,"iceandfire:silver_sword":13,"minecraft:pumpkin_pie":1,"minecraft:writable_book":2,"minecraft:gold_nugget":8,"minecraft:sand":21,"minecraft:iron_pickaxe":13,"minecraft:paper":2,"minecraft:gold_ingot":1,"minecraft:stone_axe":1,"alexsmobs:animal_dictionary":4,"alexscaves:cave_tablet":13,"minecraft:rotten_flesh":4,"minecraft:oak_planks":52,"wizards:wand_novice":3,"minecraft:flint_and_steel":2,"alexscaves:cave_book":2,"aether:chainmail_gloves":2,"minecraft:stone_brick_wall":1,"minecraft:stone_pickaxe":1,"minecraft:wooden_pickaxe":1,"minecraft:raw_gold":3}},"DataVersion":3465}