{"stats":{"minecraft:picked_up":{"minecraft:wheat":11,"minecraft:cocoa_beans":247,"minecraft:crafting_table":4,"minecraft:ladder":6,"alexscaves:cave_tablet":4,"minecraft:stone_brick_wall":2,"minecraft:wither_rose":8,"minecraft:chain":80,"spartanweaponry:golden_saber":3,"minecraft:shield":5,"minecraft:polished_deepslate":16,"minecraft:string":78,"create:limestone":64,"minecraft:iron_axe":6,"minecraft:flint_and_steel":11,"minecraft:oak_sign":1,"iceandfire:graveyard_soil":1,"graveyard:corruption":8,"minecraft:cobbled_deepslate":568,"minecraft:smooth_stone":11,"minecraft:candle":21,"minecraft:gold_nugget":66,"minecraft:iron_pickaxe":25,"minecraft:melon_slice":3,"minecraft:furnace":1,"minecraft:stick":149,"minecraft:raw_iron":26,"iceandfire:dragonbone":28,"minecraft:deepslate_brick_wall":64,"minecraft:torch":36,"minecraft:bowl":2,"minecraft:green_bed":12,"travelersbackpack:iron_tier_upgrade":8,"minecraft:carrot":2,"minecraft:tnt":23,"iceandfire:silver_ingot":2,"minecraft:rotten_flesh":53,"minecraft:pumpkin_pie":49,"aether:chainmail_gloves":12,"minecraft:polished_basalt":3,"minecraft:hay_block":18,"create:asurine":11,"minecraft:gold_ingot":25,"minecraft:skeleton_skull":38,"alexsmobs:lobster_tail":1,"minecraft:cobblestone":94,"minecraft:stripped_oak_log":2,"spartanweaponry:handle":3,"minecraft:black_bed":2,"artifacts:onion_ring":1,"alexscaves:cave_book":1,"minecraft:flint":1,"minecraft:tuff":8,"create:raw_zinc":22,"minecraft:oak_log":29,"iceandfire:ectoplasm":9,"minecraft:gunpowder":16,"minecraft:cobblestone_stairs":3,"minecraft:lapis_lazuli":118,"minecraft:wooden_hoe":1,"minecraft:dirt":5,"minecraft:lantern":12,"wizards:wand_novice":20,"minecraft:bone":28,"minecraft:chipped_anvil":3,"minecraft:apple":3,"minecraft:wheat_seeds":46,"minecraft:raw_gold":6,"minecraft:iron_ingot":138,"minecraft:stone_pickaxe":4,"minecraft:cobweb":56,"artifacts:kitty_slippers":12,"minecraft:bamboo":36,"minecraft:gray_bed":2,"minecraft:oak_planks":341,"minecraft:book":516,"minecraft:oak_slab":4,"spartanweaponry:iron_saber":15,"spartanweaponry:stone_battle_hammer":7,"minecraft:gravel":10,"minecraft:sand":109,"minecraft:blast_furnace":1,"minecraft:spruce_log":9,"minecraft:spruce_door":11,"minecraft:spider_eye":3,"minecraft:barrel":10,"alexsmobs:animal_dictionary":21,"travelersbackpack:standard":10,"create:crimsite":4,"minecraft:sugar":1,"minecraft:diamond":11,"minecraft:stone_axe":5,"iceandfire:silver_sword":35,"minecraft:writable_book":1,"minecraft:diamond_axe":1,"minecraft:golden_apple":8,"minecraft:bread":21,"minecraft:oak_sapling":1,"minecraft:coal":54,"minecraft:sunflower":3},"minecraft:used":{"iceandfire:silver_sword":175,"minecraft:flint_and_steel":7,"minecraft:ladder":6,"minecraft:oak_sign":1,"minecraft:shield":12,"minecraft:rotten_flesh":20,"spartanweaponry:golden_saber":2,"minecraft:torch":23,"minecraft:dirt":5,"artifacts:onion_ring":1,"spartanweaponry:stone_battle_hammer":3,"minecraft:lantern":5,"minecraft:iron_axe":7,"minecraft:barrel":4,"minecraft:oak_sapling":1,"minecraft:furnace":1,"minecraft:gray_bed":1,"minecraft:deepslate_brick_wall":7,"minecraft:oak_planks":2,"minecraft:stone_pickaxe":27,"create:crimsite":4,"minecraft:wooden_pickaxe":16,"minecraft:green_bed":3,"minecraft:oak_slab":2,"minecraft:crafting_table":2,"minecraft:blast_furnace":1,"wizards:wand_novice":1,"minecraft:black_bed":1,"minecraft:stone_brick_wall":1,"minecraft:apple":1,"spartanweaponry:iron_saber":37,"minecraft:sunflower":1,"minecraft:iron_pickaxe":184,"iceandfire:graveyard_soil":1,"create:asurine":11,"minecraft:gravel":10,"minecraft:stone_axe":34,"travelersbackpack:standard":9,"minecraft:cobblestone":1,"alexsmobs:animal_dictionary":2,"minecraft:pumpkin_pie":4,"minecraft:wither_rose":2,"minecraft:candle":12},"minecraft:custom":{"minecraft:mob_kills":31,"minecraft:interact_with_crafting_table":20,"minecraft:open_barrel":37,"minecraft:leave_game":2,"minecraft:time_since_death":4876,"minecraft:climb_one_cm":10113,"minecraft:sprint_one_cm":168529,"minecraft:walk_one_cm":492030,"minecraft:damage_blocked_by_shield":360,"minecraft:drop":199,"minecraft:play_time":133532,"minecraft:deaths":18,"minecraft:sneak_time":941,"minecraft:walk_under_water_one_cm":280,"minecraft:interact_with_lectern":2,"minecraft:jump":1405,"minecraft:interact_with_blast_furnace":9,"minecraft:walk_on_water_one_cm":4875,"minecraft:total_world_time":133532,"minecraft:interact_with_furnace":8,"minecraft:interact_with_loom":6,"minecraft:sleep_in_bed":5,"minecraft:time_since_rest":4926,"minecraft:waystone_activated":1,"minecraft:damage_taken":5487,"minecraft:trigger_trapped_chest":3,"minecraft:damage_dealt":6989,"minecraft:swim_one_cm":1628,"minecraft:fly_one_cm":177692,"minecraft:open_chest":4,"minecraft:crouch_one_cm":1968,"minecraft:fall_one_cm":33456},"minecraft:crafted":{"minecraft:oak_planks":17,"spartanweaponry:stone_battle_hammer":1,"minecraft:flint_and_steel":1,"spartanweaponry:golden_saber":1,"minecraft:iron_axe":1,"minecraft:stone_pickaxe":1,"spartanweaponry:iron_saber":1,"minecraft:crafting_table":1,"minecraft:wooden_pickaxe":1,"spartanweaponry:handle":4,"minecraft:stone_axe":1,"minecraft:bread":4,"minecraft:air":83,"minecraft:shield":1,"minecraft:stick":2,"minecraft:iron_pickaxe":1,"minecraft:iron_ingot":25,"minecraft:gold_ingot":6,"minecraft:torch":3,"iceandfire:silver_sword":1},"minecraft:killed":{"alexsmobs:lobster":1,"minecraft:witch":1,"minecraft:spider":3,"minecraft:silverfish":2,"minecraft:creeper":3,"minecraft:zombie":7,"iceandfire:ghost":3},"minecraft:mined":{"alexscaves:spelunkery_table":1,"create:deepslate_zinc_ore":21,"minecraft:deepslate_diamond_ore":1,"minecraft:candle":7,"minecraft:cobblestone_stairs":1,"minecraft:stone_brick_wall":1,"minecraft:grass_block":2,"minecraft:hay_block":18,"minecraft:smooth_stone":1,"minecraft:furnace":1,"minecraft:carrots":2,"minecraft:barrel":4,"minecraft:fire":2,"minecraft:cobbled_deepslate":4,"minecraft:deepslate_lapis_ore":2,"create:asurine":11,"minecraft:polished_deepslate":2,"minecraft:bookshelf":9,"minecraft:deepslate_iron_ore":16,"minecraft:lantern":2,"minecraft:stripped_oak_log":2,"minecraft:bamboo":1,"minecraft:stone":16,"create:limestone":64,"minecraft:green_bed":4,"minecraft:deepslate_brick_wall":2,"minecraft:spruce_door":1,"travelersbackpack:standard":2,"minecraft:crafting_table":3,"minecraft:torch":1,"minecraft:blast_furnace":2,"minecraft:melon":1,"minecraft:calcite":1,"iceandfire:ghost_chest":1,"minecraft:tall_grass":3,"minecraft:deepslate_coal_ore":5,"minecraft:deepslate_gold_ore":6,"minecraft:wall_torch":9,"minecraft:skeleton_skull":1,"minecraft:chain":9,"minecraft:wheat":12,"minecraft:wither_rose":4,"minecraft:grass":38,"minecraft:oak_log":12,"minecraft:coal_ore":6,"minecraft:cocoa":7,"minecraft:gravel":9,"minecraft:dirt":3,"minecraft:sand":6,"minecraft:sunflower":1,"minecraft:cobweb":11,"minecraft:chipped_anvil":1,"create:crimsite":2,"minecraft:oak_leaves":9,"minecraft:deepslate":43,"minecraft:infested_stone":1},"minecraft:killed_by":{"minecraft:player":1,"minecraft:creeper":2,"minecraft:spider":1,"apollyon:the_damned":1,"minecraft:skeleton":1,"minecraft:witch":1,"minecraft:zombie":4,"iceandfire:ghost":7},"minecraft:dropped":{"minecraft:iron_ingot":2,"minecraft:bread":3,"spartanweaponry:handle":2,"minecraft:candle":5,"minecraft:wheat_seeds":4,"minecraft:oak_log":2,"minecraft:tnt":5,"minecraft:deepslate_brick_wall":1,"minecraft:diamond":1,"minecraft:iron_helmet":1,"minecraft:book":2,"minecraft:lantern":1,"minecraft:black_bed":1,"iceandfire:ectoplasm":8,"spartanweaponry:golden_saber":4,"travelersbackpack:standard":7,"minecraft:coal":2,"minecraft:torch":2,"minecraft:wooden_hoe":1,"iceandfire:silver_sword":20,"minecraft:gray_bed":1,"minecraft:gold_nugget":8,"minecraft:writable_book":2,"minecraft:pumpkin_pie":3,"minecraft:sunflower":1,"minecraft:iron_axe":1,"minecraft:sand":27,"minecraft:iron_pickaxe":18,"minecraft:paper":2,"minecraft:string":13,"minecraft:gold_ingot":2,"minecraft:stone_axe":1,"artifacts:kitty_slippers":2,"alexsmobs:animal_dictionary":4,"alexscaves:cave_tablet":13,"minecraft:green_bed":1,"minecraft:rotten_flesh":14,"minecraft:oak_planks":53,"spartanweaponry:iron_saber":9,"spartanweaponry:stone_battle_hammer":1,"wizards:wand_novice":12,"minecraft:flint_and_steel":2,"minecraft:shield":1,"alexscaves:cave_book":2,"aether:chainmail_gloves":4,"minecraft:stone_brick_wall":1,"artifacts:onion_ring":1,"minecraft:stone_pickaxe":1,"minecraft:wooden_pickaxe":1,"minecraft:raw_gold":3}},"DataVersion":3465}