{"stats":{"minecraft:picked_up":{"minecraft:cocoa_beans":76,"minecraft:crafting_table":4,"minecraft:ladder":6,"alexscaves:cave_book":1,"minecraft:stone_brick_wall":2,"minecraft:wither_rose":8,"minecraft:flint":1,"create:raw_zinc":20,"minecraft:oak_log":21,"minecraft:chain":8,"iceandfire:ectoplasm":9,"minecraft:gunpowder":4,"minecraft:wooden_hoe":1,"minecraft:polished_deepslate":14,"minecraft:lapis_lazuli":10,"minecraft:string":13,"minecraft:lantern":12,"minecraft:flint_and_steel":1,"minecraft:bone":12,"minecraft:oak_sign":1,"minecraft:apple":3,"graveyard:corruption":3,"minecraft:wheat_seeds":10,"minecraft:cobbled_deepslate":141,"minecraft:gold_nugget":64,"minecraft:smooth_stone":7,"minecraft:raw_gold":6,"minecraft:iron_ingot":1,"minecraft:stone_pickaxe":4,"artifacts:kitty_slippers":2,"minecraft:iron_pickaxe":13,"minecraft:bamboo":36,"minecraft:melon_slice":3,"minecraft:oak_planks":300,"minecraft:book":192,"minecraft:stick":51,"minecraft:oak_slab":4,"minecraft:raw_iron":26,"minecraft:deepslate_brick_wall":26,"minecraft:torch":4,"minecraft:green_bed":1,"minecraft:gravel":5,"minecraft:sand":90,"minecraft:spruce_log":9,"minecraft:barrel":1,"minecraft:spruce_door":7,"alexsmobs:animal_dictionary":14,"aether:chainmail_gloves":3,"minecraft:tnt":7,"iceandfire:silver_ingot":2,"minecraft:rotten_flesh":16,"minecraft:diamond":2,"minecraft:stone_axe":5,"iceandfire:silver_sword":16,"minecraft:writable_book":1,"minecraft:polished_basalt":3,"minecraft:oak_sapling":1,"minecraft:skeleton_skull":15,"alexsmobs:lobster_tail":1,"minecraft:cobblestone":42},"minecraft:used":{"iceandfire:silver_sword":61,"minecraft:flint_and_steel":3,"minecraft:stone_pickaxe":27,"minecraft:oak_planks":2,"minecraft:ladder":6,"minecraft:oak_sign":1,"minecraft:wooden_pickaxe":16,"minecraft:rotten_flesh":4,"minecraft:torch":15,"minecraft:oak_slab":2,"minecraft:crafting_table":2,"minecraft:stone_brick_wall":1,"minecraft:apple":1,"minecraft:lantern":5,"minecraft:iron_pickaxe":68,"minecraft:gravel":5,"minecraft:stone_axe":34,"minecraft:oak_sapling":1,"alexsmobs:animal_dictionary":2,"minecraft:wither_rose":2},"minecraft:custom":{"minecraft:interact_with_furnace":5,"minecraft:mob_kills":8,"minecraft:interact_with_crafting_table":6,"minecraft:open_barrel":8,"minecraft:interact_with_loom":2,"minecraft:leave_game":1,"minecraft:time_since_death":19450,"minecraft:sleep_in_bed":1,"minecraft:climb_one_cm":4802,"minecraft:time_since_rest":9607,"minecraft:sprint_one_cm":67356,"minecraft:damage_taken":2200,"minecraft:walk_one_cm":224595,"minecraft:drop":63,"minecraft:damage_dealt":2257,"minecraft:swim_one_cm":1628,"minecraft:fly_one_cm":71585,"minecraft:crouch_one_cm":496,"minecraft:play_time":49876,"minecraft:deaths":7,"minecraft:sneak_time":194,"minecraft:walk_under_water_one_cm":280,"minecraft:interact_with_lectern":2,"minecraft:jump":704,"minecraft:walk_on_water_one_cm":3938,"minecraft:total_world_time":49876,"minecraft:fall_one_cm":16638},"minecraft:crafted":{"minecraft:oak_planks":9,"minecraft:crafting_table":1,"minecraft:wooden_pickaxe":1,"minecraft:stone_axe":1,"minecraft:air":51,"minecraft:flint_and_steel":1,"minecraft:stick":2,"minecraft:iron_ingot":4,"minecraft:iron_pickaxe":1,"minecraft:stone_pickaxe":1,"iceandfire:silver_sword":1},"minecraft:killed":{"alexsmobs:lobster":1,"iceandfire:ghost":2},"minecraft:mined":{"create:deepslate_zinc_ore":20,"minecraft:deepslate_diamond_ore":1,"minecraft:spruce_door":1,"minecraft:crafting_table":3,"minecraft:stone_brick_wall":1,"minecraft:calcite":1,"minecraft:melon":1,"minecraft:tall_grass":2,"minecraft:deepslate_gold_ore":6,"minecraft:wall_torch":4,"minecraft:skeleton_skull":1,"minecraft:smooth_stone":1,"minecraft:chain":9,"minecraft:barrel":1,"minecraft:deepslate_lapis_ore":2,"minecraft:wither_rose":4,"minecraft:polished_deepslate":2,"minecraft:grass":4,"minecraft:bookshelf":8,"minecraft:oak_log":9,"minecraft:deepslate_iron_ore":16,"minecraft:cocoa":7,"minecraft:lantern":2,"minecraft:gravel":3,"minecraft:cobweb":7,"minecraft:bamboo":1,"minecraft:stone":15,"minecraft:oak_leaves":6,"minecraft:green_bed":1,"minecraft:deepslate":32},"minecraft:killed_by":{"minecraft:creeper":2,"minecraft:zombie":2,"iceandfire:ghost":3},"minecraft:dropped":{"minecraft:iron_ingot":1,"minecraft:stone_axe":1,"minecraft:wheat_seeds":4,"minecraft:tnt":4,"alexsmobs:animal_dictionary":4,"minecraft:diamond":1,"minecraft:iron_helmet":1,"minecraft:book":1,"minecraft:rotten_flesh":4,"minecraft:oak_planks":52,"minecraft:lantern":1,"iceandfire:ectoplasm":8,"alexscaves:cave_book":2,"aether:chainmail_gloves":2,"minecraft:wooden_hoe":1,"iceandfire:silver_sword":10,"minecraft:stone_brick_wall":1,"minecraft:writable_book":2,"minecraft:raw_gold":3,"minecraft:stone_pickaxe":1,"minecraft:wooden_pickaxe":1,"minecraft:iron_pickaxe":12}},"DataVersion":3465}