{"stats":{"minecraft:picked_up":{"minecraft:cocoa_beans":114,"minecraft:crafting_table":4,"minecraft:ladder":6,"alexscaves:cave_tablet":4,"minecraft:stone_brick_wall":2,"minecraft:wither_rose":8,"minecraft:chain":24,"spartanweaponry:golden_saber":3,"minecraft:polished_deepslate":16,"minecraft:string":47,"minecraft:iron_axe":1,"minecraft:flint_and_steel":5,"minecraft:oak_sign":1,"graveyard:corruption":5,"minecraft:smooth_stone":9,"minecraft:gold_nugget":66,"minecraft:candle":17,"minecraft:cobbled_deepslate":235,"minecraft:iron_pickaxe":14,"minecraft:melon_slice":3,"minecraft:furnace":1,"minecraft:stick":79,"minecraft:raw_iron":26,"minecraft:deepslate_brick_wall":36,"minecraft:torch":9,"minecraft:green_bed":3,"travelersbackpack:iron_tier_upgrade":2,"minecraft:tnt":13,"iceandfire:silver_ingot":2,"minecraft:rotten_flesh":37,"minecraft:pumpkin_pie":20,"aether:chainmail_gloves":5,"minecraft:polished_basalt":3,"minecraft:gold_ingot":3,"minecraft:skeleton_skull":21,"alexsmobs:lobster_tail":1,"minecraft:cobblestone":56,"spartanweaponry:handle":1,"artifacts:onion_ring":1,"minecraft:flint":1,"alexscaves:cave_book":1,"create:raw_zinc":20,"minecraft:oak_log":24,"iceandfire:ectoplasm":9,"minecraft:gunpowder":8,"minecraft:wooden_hoe":1,"minecraft:lapis_lazuli":34,"minecraft:lantern":12,"wizards:wand_novice":5,"minecraft:bone":14,"minecraft:apple":3,"minecraft:wheat_seeds":10,"minecraft:raw_gold":6,"minecraft:iron_ingot":43,"minecraft:stone_pickaxe":4,"minecraft:cobweb":14,"artifacts:kitty_slippers":5,"minecraft:bamboo":36,"minecraft:oak_planks":300,"minecraft:book":195,"minecraft:oak_slab":4,"minecraft:gravel":10,"minecraft:sand":99,"minecraft:blast_furnace":1,"minecraft:spruce_log":9,"minecraft:spruce_door":9,"minecraft:barrel":6,"alexsmobs:animal_dictionary":16,"minecraft:diamond":4,"minecraft:stone_axe":5,"iceandfire:silver_sword":21,"minecraft:writable_book":1,"minecraft:golden_apple":2,"minecraft:bread":4,"minecraft:oak_sapling":1},"minecraft:used":{"iceandfire:silver_sword":86,"minecraft:flint_and_steel":7,"minecraft:ladder":6,"minecraft:oak_sign":1,"spartanweaponry:golden_saber":2,"minecraft:rotten_flesh":12,"minecraft:torch":16,"artifacts:onion_ring":1,"minecraft:lantern":5,"minecraft:iron_axe":3,"minecraft:furnace":1,"minecraft:oak_sapling":1,"minecraft:stone_pickaxe":27,"minecraft:oak_planks":2,"minecraft:wooden_pickaxe":16,"minecraft:oak_slab":2,"minecraft:crafting_table":2,"wizards:wand_novice":1,"minecraft:blast_furnace":1,"minecraft:stone_brick_wall":1,"minecraft:apple":1,"minecraft:iron_pickaxe":70,"minecraft:gravel":10,"minecraft:stone_axe":34,"minecraft:cobblestone":1,"minecraft:pumpkin_pie":1,"minecraft:wither_rose":2,"alexsmobs:animal_dictionary":2,"minecraft:candle":10},"minecraft:custom":{"minecraft:mob_kills":16,"minecraft:interact_with_crafting_table":19,"minecraft:open_barrel":27,"minecraft:leave_game":1,"minecraft:time_since_death":6910,"minecraft:climb_one_cm":7988,"minecraft:sprint_one_cm":77833,"minecraft:walk_one_cm":293551,"minecraft:drop":115,"minecraft:play_time":73876,"minecraft:deaths":9,"minecraft:sneak_time":528,"minecraft:walk_under_water_one_cm":280,"minecraft:interact_with_lectern":2,"minecraft:jump":798,"minecraft:interact_with_blast_furnace":9,"minecraft:walk_on_water_one_cm":3938,"minecraft:total_world_time":73876,"minecraft:interact_with_furnace":8,"minecraft:interact_with_loom":6,"minecraft:sleep_in_bed":2,"minecraft:time_since_rest":6948,"minecraft:damage_taken":2875,"minecraft:damage_dealt":3513,"minecraft:swim_one_cm":1628,"minecraft:fly_one_cm":78450,"minecraft:open_chest":1,"minecraft:crouch_one_cm":1294,"minecraft:fall_one_cm":17572},"minecraft:crafted":{"spartanweaponry:stone_battle_hammer":1,"minecraft:oak_planks":9,"minecraft:flint_and_steel":1,"spartanweaponry:golden_saber":1,"minecraft:iron_axe":1,"minecraft:stone_pickaxe":1,"spartanweaponry:iron_saber":1,"minecraft:crafting_table":1,"minecraft:wooden_pickaxe":1,"spartanweaponry:handle":4,"minecraft:stone_axe":1,"minecraft:bread":4,"minecraft:air":62,"minecraft:stick":2,"minecraft:iron_pickaxe":1,"minecraft:iron_ingot":25,"minecraft:gold_ingot":6,"iceandfire:silver_sword":1},"minecraft:killed":{"alexsmobs:lobster":1,"minecraft:creeper":1,"minecraft:zombie":4,"iceandfire:ghost":2},"minecraft:mined":{"create:deepslate_zinc_ore":20,"minecraft:deepslate_diamond_ore":1,"minecraft:candle":7,"minecraft:stone_brick_wall":1,"minecraft:smooth_stone":1,"minecraft:furnace":1,"minecraft:fire":2,"minecraft:barrel":2,"minecraft:deepslate_lapis_ore":2,"minecraft:polished_deepslate":2,"minecraft:bookshelf":9,"minecraft:deepslate_iron_ore":16,"minecraft:lantern":2,"minecraft:bamboo":1,"minecraft:stone":15,"minecraft:green_bed":1,"minecraft:spruce_door":1,"minecraft:crafting_table":3,"minecraft:blast_furnace":1,"minecraft:calcite":1,"minecraft:melon":1,"minecraft:tall_grass":2,"minecraft:deepslate_gold_ore":6,"minecraft:wall_torch":5,"minecraft:skeleton_skull":1,"minecraft:chain":9,"minecraft:wither_rose":4,"minecraft:grass":4,"minecraft:oak_log":12,"minecraft:cocoa":7,"minecraft:gravel":9,"minecraft:cobweb":9,"minecraft:oak_leaves":6,"minecraft:deepslate":32},"minecraft:killed_by":{"minecraft:creeper":2,"minecraft:skeleton":1,"minecraft:zombie":3,"iceandfire:ghost":3},"minecraft:dropped":{"minecraft:iron_ingot":1,"minecraft:bread":3,"spartanweaponry:handle":1,"minecraft:candle":1,"minecraft:wheat_seeds":4,"minecraft:tnt":4,"minecraft:diamond":1,"minecraft:iron_helmet":1,"minecraft:book":1,"minecraft:lantern":1,"iceandfire:ectoplasm":8,"spartanweaponry:golden_saber":4,"minecraft:wooden_hoe":1,"iceandfire:silver_sword":13,"minecraft:pumpkin_pie":1,"minecraft:writable_book":2,"minecraft:gold_nugget":8,"minecraft:iron_axe":1,"minecraft:sand":21,"minecraft:iron_pickaxe":13,"minecraft:paper":2,"minecraft:gold_ingot":1,"minecraft:stone_axe":1,"artifacts:kitty_slippers":1,"alexsmobs:animal_dictionary":4,"alexscaves:cave_tablet":13,"minecraft:rotten_flesh":11,"minecraft:oak_planks":52,"wizards:wand_novice":3,"minecraft:flint_and_steel":2,"alexscaves:cave_book":2,"aether:chainmail_gloves":3,"minecraft:stone_brick_wall":1,"artifacts:onion_ring":1,"minecraft:stone_pickaxe":1,"minecraft:wooden_pickaxe":1,"minecraft:raw_gold":3}},"DataVersion":3465}