{"stats":{"minecraft:picked_up":{"minecraft:cocoa_beans":209,"minecraft:crafting_table":4,"minecraft:ladder":6,"alexscaves:cave_tablet":4,"minecraft:stone_brick_wall":2,"minecraft:wither_rose":8,"minecraft:chain":64,"spartanweaponry:golden_saber":3,"minecraft:shield":4,"minecraft:polished_deepslate":16,"create:limestone":64,"minecraft:string":69,"minecraft:iron_axe":5,"minecraft:flint_and_steel":10,"minecraft:oak_sign":1,"graveyard:corruption":7,"minecraft:smooth_stone":11,"minecraft:gold_nugget":66,"minecraft:candle":21,"minecraft:cobbled_deepslate":458,"minecraft:iron_pickaxe":24,"minecraft:melon_slice":3,"minecraft:furnace":1,"minecraft:stick":138,"minecraft:raw_iron":26,"iceandfire:dragonbone":14,"minecraft:deepslate_brick_wall":64,"minecraft:bowl":2,"minecraft:torch":25,"minecraft:green_bed":11,"travelersbackpack:iron_tier_upgrade":7,"minecraft:tnt":23,"iceandfire:silver_ingot":2,"minecraft:rotten_flesh":52,"minecraft:pumpkin_pie":47,"aether:chainmail_gloves":11,"minecraft:polished_basalt":3,"create:asurine":11,"minecraft:gold_ingot":19,"minecraft:skeleton_skull":36,"alexsmobs:lobster_tail":1,"minecraft:cobblestone":87,"minecraft:stripped_oak_log":2,"spartanweaponry:handle":3,"minecraft:black_bed":2,"artifacts:onion_ring":1,"minecraft:flint":1,"alexscaves:cave_book":1,"minecraft:tuff":8,"create:raw_zinc":22,"minecraft:oak_log":29,"iceandfire:ectoplasm":9,"minecraft:gunpowder":12,"minecraft:wooden_hoe":1,"minecraft:lapis_lazuli":94,"minecraft:dirt":5,"minecraft:lantern":12,"minecraft:chipped_anvil":1,"wizards:wand_novice":19,"minecraft:bone":24,"minecraft:apple":3,"minecraft:wheat_seeds":10,"minecraft:raw_gold":6,"minecraft:iron_ingot":112,"minecraft:stone_pickaxe":4,"minecraft:cobweb":49,"artifacts:kitty_slippers":11,"minecraft:bamboo":36,"minecraft:gray_bed":2,"minecraft:oak_planks":335,"minecraft:book":516,"minecraft:oak_slab":4,"spartanweaponry:iron_saber":8,"spartanweaponry:stone_battle_hammer":6,"minecraft:gravel":10,"minecraft:sand":109,"minecraft:blast_furnace":1,"minecraft:spider_eye":1,"minecraft:spruce_log":9,"minecraft:spruce_door":11,"minecraft:barrel":10,"alexsmobs:animal_dictionary":21,"travelersbackpack:standard":10,"create:crimsite":2,"minecraft:sugar":1,"minecraft:diamond":9,"minecraft:stone_axe":5,"iceandfire:silver_sword":28,"minecraft:writable_book":1,"minecraft:diamond_axe":1,"minecraft:golden_apple":7,"minecraft:bread":18,"minecraft:oak_sapling":1,"minecraft:coal":40},"minecraft:used":{"iceandfire:silver_sword":103,"minecraft:flint_and_steel":7,"minecraft:ladder":6,"minecraft:oak_sign":1,"minecraft:shield":9,"spartanweaponry:golden_saber":2,"minecraft:rotten_flesh":19,"minecraft:torch":23,"minecraft:dirt":5,"artifacts:onion_ring":1,"spartanweaponry:stone_battle_hammer":3,"minecraft:lantern":5,"minecraft:iron_axe":7,"minecraft:barrel":4,"minecraft:furnace":1,"minecraft:oak_sapling":1,"minecraft:gray_bed":1,"minecraft:deepslate_brick_wall":7,"minecraft:stone_pickaxe":27,"minecraft:oak_planks":2,"create:crimsite":1,"minecraft:wooden_pickaxe":16,"minecraft:green_bed":3,"minecraft:oak_slab":2,"minecraft:crafting_table":2,"wizards:wand_novice":1,"minecraft:blast_furnace":1,"minecraft:black_bed":1,"minecraft:stone_brick_wall":1,"minecraft:apple":1,"spartanweaponry:iron_saber":18,"minecraft:iron_pickaxe":182,"create:asurine":11,"minecraft:gravel":10,"minecraft:stone_axe":34,"travelersbackpack:standard":9,"minecraft:cobblestone":1,"minecraft:pumpkin_pie":1,"minecraft:wither_rose":2,"alexsmobs:animal_dictionary":2,"minecraft:candle":12},"minecraft:custom":{"minecraft:mob_kills":20,"minecraft:interact_with_crafting_table":20,"minecraft:open_barrel":37,"minecraft:leave_game":1,"minecraft:time_since_death":10233,"minecraft:climb_one_cm":10113,"minecraft:sprint_one_cm":127258,"minecraft:walk_one_cm":437667,"minecraft:damage_blocked_by_shield":270,"minecraft:drop":185,"minecraft:play_time":121876,"minecraft:deaths":16,"minecraft:sneak_time":927,"minecraft:walk_under_water_one_cm":280,"minecraft:interact_with_lectern":2,"minecraft:jump":1169,"minecraft:interact_with_blast_furnace":9,"minecraft:walk_on_water_one_cm":4875,"minecraft:total_world_time":121876,"minecraft:interact_with_furnace":8,"minecraft:interact_with_loom":6,"minecraft:sleep_in_bed":4,"minecraft:time_since_rest":10295,"minecraft:waystone_activated":1,"minecraft:damage_taken":4932,"minecraft:damage_dealt":5032,"minecraft:swim_one_cm":1628,"minecraft:fly_one_cm":118949,"minecraft:open_chest":1,"minecraft:crouch_one_cm":1935,"minecraft:fall_one_cm":27370},"minecraft:crafted":{"spartanweaponry:stone_battle_hammer":1,"minecraft:oak_planks":17,"minecraft:flint_and_steel":1,"spartanweaponry:golden_saber":1,"minecraft:iron_axe":1,"minecraft:stone_pickaxe":1,"spartanweaponry:iron_saber":1,"minecraft:crafting_table":1,"minecraft:wooden_pickaxe":1,"spartanweaponry:handle":4,"minecraft:stone_axe":1,"minecraft:bread":4,"minecraft:air":83,"minecraft:shield":1,"minecraft:stick":2,"minecraft:iron_pickaxe":1,"minecraft:iron_ingot":25,"minecraft:gold_ingot":6,"minecraft:torch":3,"iceandfire:silver_sword":1},"minecraft:killed":{"alexsmobs:lobster":1,"minecraft:witch":1,"minecraft:spider":1,"minecraft:creeper":1,"minecraft:zombie":6,"iceandfire:ghost":2},"minecraft:mined":{"alexscaves:spelunkery_table":1,"create:deepslate_zinc_ore":21,"minecraft:deepslate_diamond_ore":1,"minecraft:candle":7,"minecraft:grass_block":2,"minecraft:stone_brick_wall":1,"minecraft:smooth_stone":1,"minecraft:furnace":1,"minecraft:cobbled_deepslate":4,"minecraft:fire":2,"minecraft:barrel":4,"minecraft:deepslate_lapis_ore":2,"create:asurine":11,"minecraft:polished_deepslate":2,"minecraft:bookshelf":9,"minecraft:deepslate_iron_ore":16,"minecraft:lantern":2,"minecraft:stripped_oak_log":2,"minecraft:bamboo":1,"minecraft:stone":16,"create:limestone":64,"minecraft:green_bed":4,"minecraft:deepslate_brick_wall":2,"minecraft:spruce_door":1,"travelersbackpack:standard":2,"minecraft:crafting_table":3,"minecraft:torch":1,"minecraft:blast_furnace":2,"minecraft:calcite":1,"minecraft:melon":1,"minecraft:deepslate_coal_ore":5,"minecraft:tall_grass":2,"minecraft:deepslate_gold_ore":6,"minecraft:wall_torch":7,"minecraft:skeleton_skull":1,"minecraft:chain":9,"minecraft:wither_rose":4,"minecraft:grass":7,"minecraft:coal_ore":6,"minecraft:oak_log":12,"minecraft:cocoa":7,"minecraft:dirt":3,"minecraft:sand":6,"minecraft:gravel":9,"minecraft:cobweb":10,"minecraft:chipped_anvil":1,"create:crimsite":2,"minecraft:oak_leaves":9,"minecraft:deepslate":43},"minecraft:killed_by":{"minecraft:player":1,"minecraft:creeper":2,"minecraft:spider":1,"apollyon:the_damned":1,"minecraft:skeleton":1,"minecraft:witch":1,"minecraft:zombie":4,"iceandfire:ghost":5},"minecraft:dropped":{"minecraft:iron_ingot":2,"minecraft:bread":3,"spartanweaponry:handle":2,"minecraft:candle":5,"minecraft:wheat_seeds":4,"minecraft:oak_log":2,"minecraft:tnt":5,"minecraft:deepslate_brick_wall":1,"minecraft:diamond":1,"minecraft:iron_helmet":1,"minecraft:book":2,"minecraft:lantern":1,"minecraft:black_bed":1,"iceandfire:ectoplasm":8,"spartanweaponry:golden_saber":4,"travelersbackpack:standard":7,"minecraft:coal":2,"minecraft:torch":2,"minecraft:wooden_hoe":1,"iceandfire:silver_sword":15,"minecraft:gray_bed":1,"minecraft:pumpkin_pie":1,"minecraft:writable_book":2,"minecraft:gold_nugget":8,"minecraft:iron_axe":1,"minecraft:sand":27,"minecraft:iron_pickaxe":18,"minecraft:paper":2,"minecraft:string":13,"minecraft:gold_ingot":2,"minecraft:stone_axe":1,"artifacts:kitty_slippers":2,"alexsmobs:animal_dictionary":4,"minecraft:green_bed":1,"alexscaves:cave_tablet":13,"minecraft:rotten_flesh":14,"spartanweaponry:iron_saber":3,"minecraft:oak_planks":53,"spartanweaponry:stone_battle_hammer":1,"wizards:wand_novice":12,"minecraft:flint_and_steel":2,"minecraft:shield":1,"alexscaves:cave_book":2,"aether:chainmail_gloves":4,"minecraft:stone_brick_wall":1,"artifacts:onion_ring":1,"minecraft:stone_pickaxe":1,"minecraft:wooden_pickaxe":1,"minecraft:raw_gold":3}},"DataVersion":3465}