{"stats":{"minecraft:picked_up":{"minecraft:iron_chestplate":1,"minecraft:wheat":15,"minecraft:cocoa_beans":304,"minecraft:crafting_table":11,"minecraft:ladder":6,"minecraft:lead":4,"alexscaves:cave_tablet":4,"minecraft:stone_brick_wall":2,"minecraft:wither_rose":9,"minecraft:chain":112,"spartanweaponry:golden_saber":3,"minecraft:shield":9,"minecraft:polished_deepslate":16,"minecraft:string":78,"create:limestone":64,"minecraft:iron_axe":14,"minecraft:flint_and_steel":15,"minecraft:oak_sign":1,"iceandfire:graveyard_soil":1,"graveyard:corruption":12,"minecraft:cobbled_deepslate":623,"minecraft:smooth_stone":11,"minecraft:candle":21,"minecraft:gold_nugget":66,"minecraft:calcite":79,"minecraft:iron_pickaxe":41,"minecraft:melon_slice":3,"minecraft:furnace":6,"minecraft:stick":193,"minecraft:raw_iron":31,"iceandfire:dragonbone":28,"minecraft:deepslate_brick_wall":65,"minecraft:torch":145,"minecraft:bowl":2,"minecraft:green_bed":17,"travelersbackpack:iron_tier_upgrade":13,"minecraft:carrot":18,"spartanweaponry:silver_battleaxe":3,"minecraft:tnt":23,"iceandfire:silver_ingot":4,"minecraft:rotten_flesh":60,"minecraft:pumpkin_pie":49,"aether:chainmail_gloves":17,"minecraft:polished_basalt":3,"minecraft:hay_block":76,"create:asurine":12,"minecraft:gold_ingot":37,"minecraft:skeleton_skull":42,"alexsmobs:lobster_tail":1,"minecraft:cobblestone":149,"minecraft:stripped_oak_log":2,"spartanweaponry:handle":7,"minecraft:black_bed":2,"minecraft:leather":4,"minecraft:potato":4,"artifacts:onion_ring":1,"alexscaves:cave_book":1,"minecraft:flint":1,"minecraft:tuff":8,"create:raw_zinc":34,"minecraft:oak_log":29,"iceandfire:ectoplasm":9,"minecraft:gunpowder":24,"minecraft:cobblestone_stairs":6,"minecraft:lapis_lazuli":118,"minecraft:wooden_hoe":1,"minecraft:dirt":5,"minecraft:lantern":27,"wizards:wand_novice":24,"minecraft:bone":33,"minecraft:chipped_anvil":3,"minecraft:apple":3,"minecraft:wheat_seeds":57,"minecraft:raw_gold":6,"minecraft:iron_ingot":180,"minecraft:stone_pickaxe":4,"minecraft:cobweb":56,"artifacts:kitty_slippers":16,"minecraft:stripped_oak_wood":2,"minecraft:bamboo":36,"minecraft:gray_bed":2,"minecraft:oak_planks":365,"minecraft:book":526,"minecraft:oak_slab":4,"spartanweaponry:iron_saber":23,"spartanweaponry:stone_battle_hammer":13,"minecraft:oak_pressure_plate":1,"minecraft:gravel":10,"minecraft:sand":109,"minecraft:white_bed":1,"minecraft:blast_furnace":5,"minecraft:spruce_log":9,"minecraft:spruce_door":11,"minecraft:spider_eye":9,"minecraft:barrel":10,"alexsmobs:animal_dictionary":21,"travelersbackpack:standard":10,"create:crimsite":4,"minecraft:sugar":1,"minecraft:diamond":15,"minecraft:stone_axe":5,"iceandfire:silver_sword":54,"minecraft:writable_book":1,"minecraft:diamond_axe":1,"minecraft:golden_apple":12,"minecraft:bread":35,"minecraft:oak_sapling":13,"minecraft:coal":318,"iceandfire:raw_silver":18,"minecraft:sunflower":3},"minecraft:broken":{"minecraft:iron_pickaxe":1},"minecraft:used":{"iceandfire:silver_sword":269,"minecraft:flint_and_steel":7,"minecraft:ladder":6,"minecraft:oak_sign":1,"minecraft:shield":37,"minecraft:rotten_flesh":20,"spartanweaponry:golden_saber":2,"minecraft:torch":36,"minecraft:dirt":5,"artifacts:onion_ring":1,"spartanweaponry:stone_battle_hammer":7,"minecraft:lantern":5,"minecraft:iron_axe":13,"minecraft:barrel":4,"minecraft:oak_sapling":1,"minecraft:furnace":2,"minecraft:gray_bed":1,"minecraft:calcite":15,"minecraft:deepslate_brick_wall":7,"minecraft:wheat_seeds":9,"minecraft:cobblestone_stairs":1,"minecraft:oak_planks":2,"minecraft:stone_pickaxe":27,"create:crimsite":4,"minecraft:wooden_pickaxe":16,"minecraft:green_bed":5,"minecraft:oak_slab":2,"minecraft:crafting_table":3,"minecraft:blast_furnace":2,"wizards:wand_novice":1,"minecraft:white_bed":1,"minecraft:black_bed":1,"minecraft:stone_brick_wall":1,"minecraft:apple":1,"spartanweaponry:iron_saber":48,"minecraft:sunflower":1,"minecraft:bread":6,"minecraft:iron_pickaxe":382,"iceandfire:graveyard_soil":1,"minecraft:oak_pressure_plate":1,"create:asurine":12,"minecraft:gravel":10,"minecraft:stone_axe":34,"travelersbackpack:standard":9,"minecraft:cobblestone":32,"alexsmobs:animal_dictionary":2,"minecraft:pumpkin_pie":4,"minecraft:wither_rose":2,"minecraft:candle":12},"minecraft:custom":{"minecraft:mob_kills":46,"minecraft:interact_with_crafting_table":26,"minecraft:open_barrel":37,"minecraft:leave_game":2,"minecraft:time_since_death":8483,"minecraft:climb_one_cm":12949,"minecraft:sprint_one_cm":264340,"minecraft:walk_one_cm":675483,"minecraft:damage_blocked_by_shield":1245,"minecraft:drop":268,"minecraft:talked_to_villager":1,"minecraft:play_time":181532,"minecraft:deaths":22,"minecraft:sneak_time":1851,"minecraft:walk_under_water_one_cm":280,"minecraft:interact_with_lectern":2,"minecraft:jump":2057,"minecraft:interact_with_blast_furnace":12,"minecraft:walk_on_water_one_cm":6121,"minecraft:total_world_time":181532,"minecraft:interact_with_furnace":10,"minecraft:interact_with_loom":6,"minecraft:sleep_in_bed":8,"minecraft:time_since_rest":7648,"minecraft:waystone_activated":1,"minecraft:damage_taken":6852,"minecraft:trigger_trapped_chest":3,"minecraft:damage_dealt":9590,"minecraft:swim_one_cm":1628,"minecraft:fly_one_cm":285736,"minecraft:open_chest":7,"minecraft:crouch_one_cm":4524,"minecraft:fall_one_cm":49110},"minecraft:crafted":{"minecraft:oak_planks":21,"spartanweaponry:stone_battle_hammer":1,"minecraft:furnace":1,"minecraft:flint_and_steel":1,"spartanweaponry:golden_saber":1,"minecraft:iron_axe":1,"minecraft:stone_pickaxe":1,"spartanweaponry:silver_battleaxe":1,"spartanweaponry:iron_saber":1,"iceandfire:silver_ingot":5,"minecraft:crafting_table":2,"minecraft:wooden_pickaxe":1,"spartanweaponry:handle":6,"minecraft:stone_axe":1,"minecraft:bread":4,"minecraft:air":103,"minecraft:iron_chestplate":1,"minecraft:shield":1,"minecraft:stick":2,"minecraft:iron_pickaxe":2,"minecraft:iron_ingot":25,"minecraft:gold_ingot":6,"minecraft:torch":3,"iceandfire:silver_sword":1},"minecraft:killed":{"alexsmobs:lobster":1,"minecraft:witch":1,"whispering_spirits:whispering_spirit":1,"minecraft:spider":4,"minecraft:silverfish":2,"minecraft:wandering_trader":1,"minecraft:creeper":4,"minecraft:trader_llama":2,"minecraft:zombie":8,"iceandfire:ghost":4},"minecraft:mined":{"create:zinc_ore":6,"alexscaves:spelunkery_table":1,"create:deepslate_zinc_ore":21,"minecraft:white_bed":1,"iceandfire:silver_ore":12,"minecraft:deepslate_diamond_ore":1,"minecraft:candle":7,"minecraft:cobblestone_stairs":1,"minecraft:stone_brick_wall":1,"minecraft:grass_block":4,"minecraft:oak_pressure_plate":1,"minecraft:hay_block":29,"minecraft:smooth_stone":1,"minecraft:furnace":2,"minecraft:carrots":6,"minecraft:iron_ore":5,"minecraft:barrel":4,"minecraft:fire":2,"minecraft:cobbled_deepslate":4,"minecraft:deepslate_lapis_ore":2,"minecraft:potatoes":1,"create:asurine":12,"minecraft:polished_deepslate":2,"minecraft:bookshelf":12,"minecraft:deepslate_iron_ore":16,"minecraft:lantern":6,"minecraft:stripped_oak_log":2,"minecraft:bamboo":1,"minecraft:stone":37,"create:limestone":64,"minecraft:green_bed":6,"minecraft:glass_pane":1,"minecraft:deepslate_brick_wall":2,"minecraft:spruce_door":1,"travelersbackpack:standard":2,"minecraft:crafting_table":4,"minecraft:torch":1,"minecraft:blast_furnace":3,"minecraft:melon":1,"minecraft:calcite":80,"iceandfire:ghost_chest":1,"minecraft:cobblestone":8,"minecraft:tall_grass":3,"minecraft:deepslate_coal_ore":5,"minecraft:deepslate_gold_ore":6,"minecraft:wall_torch":35,"minecraft:skeleton_skull":1,"minecraft:chain":9,"minecraft:wheat":16,"minecraft:stripped_oak_wood":2,"minecraft:wither_rose":4,"minecraft:grass":45,"minecraft:oak_log":12,"minecraft:coal_ore":64,"minecraft:cocoa":7,"minecraft:gravel":9,"minecraft:dirt":3,"minecraft:sand":6,"minecraft:sunflower":1,"minecraft:cobweb":11,"minecraft:chipped_anvil":1,"create:crimsite":2,"minecraft:oak_leaves":20,"minecraft:deepslate":43,"minecraft:infested_stone":1},"minecraft:killed_by":{"minecraft:player":1,"minecraft:creeper":2,"minecraft:spider":1,"graveyard:skeleton_creeper":1,"apollyon:the_damned":2,"minecraft:skeleton":3,"minecraft:witch":1,"minecraft:zombie":4,"iceandfire:ghost":7},"minecraft:dropped":{"minecraft:iron_ingot":3,"minecraft:bread":4,"spartanweaponry:handle":6,"minecraft:candle":5,"minecraft:wheat_seeds":6,"minecraft:oak_log":2,"minecraft:tnt":5,"minecraft:deepslate_brick_wall":1,"minecraft:diamond":1,"minecraft:crafting_table":2,"minecraft:iron_helmet":1,"minecraft:cobblestone":3,"minecraft:book":12,"minecraft:lantern":1,"minecraft:black_bed":1,"travelersbackpack:iron_tier_upgrade":1,"iceandfire:ectoplasm":8,"spartanweaponry:golden_saber":4,"travelersbackpack:standard":7,"minecraft:coal":66,"minecraft:torch":2,"minecraft:wooden_hoe":1,"iceandfire:silver_sword":31,"minecraft:gray_bed":1,"spartanweaponry:silver_battleaxe":2,"minecraft:gold_nugget":8,"minecraft:writable_book":2,"minecraft:pumpkin_pie":3,"minecraft:sunflower":1,"minecraft:iron_axe":6,"minecraft:sand":27,"minecraft:iron_pickaxe":30,"minecraft:paper":2,"minecraft:string":13,"minecraft:gold_ingot":2,"minecraft:furnace":3,"minecraft:stone_axe":1,"artifacts:kitty_slippers":3,"alexsmobs:animal_dictionary":4,"minecraft:bowl":1,"alexscaves:cave_tablet":13,"minecraft:green_bed":1,"minecraft:rotten_flesh":16,"minecraft:oak_planks":53,"spartanweaponry:iron_saber":12,"spartanweaponry:stone_battle_hammer":5,"wizards:wand_novice":12,"minecraft:flint_and_steel":2,"minecraft:blast_furnace":1,"minecraft:potato":1,"minecraft:shield":1,"alexscaves:cave_book":2,"aether:chainmail_gloves":5,"iceandfire:silver_ingot":2,"minecraft:stone_brick_wall":1,"artifacts:onion_ring":1,"minecraft:spider_eye":2,"minecraft:stone_pickaxe":1,"minecraft:wooden_pickaxe":1,"minecraft:raw_gold":3}},"DataVersion":3465}