{"stats":{"minecraft:picked_up":{"minecraft:iron_chestplate":5,"minecraft:wheat":15,"minecraft:cocoa_beans":304,"minecraft:crafting_table":17,"minecraft:ladder":6,"minecraft:lead":12,"alexscaves:cave_tablet":4,"minecraft:stone_brick_wall":2,"minecraft:wither_rose":12,"minecraft:chain":136,"spartanweaponry:golden_saber":3,"minecraft:shield":11,"minecraft:polished_deepslate":16,"minecraft:string":78,"create:limestone":65,"minecraft:iron_axe":18,"minecraft:flint_and_steel":19,"minecraft:oak_sign":1,"iceandfire:graveyard_soil":1,"graveyard:corruption":15,"minecraft:cobbled_deepslate":623,"minecraft:smooth_stone":11,"minecraft:candle":21,"minecraft:gold_nugget":66,"minecraft:calcite":79,"minecraft:iron_pickaxe":47,"minecraft:melon_slice":3,"minecraft:furnace":10,"minecraft:stick":207,"minecraft:raw_iron":131,"iceandfire:dragonbone":28,"minecraft:deepslate_brick_wall":65,"minecraft:torch":203,"minecraft:bowl":2,"minecraft:green_bed":17,"travelersbackpack:iron_tier_upgrade":18,"minecraft:pointed_dripstone":28,"minecraft:carrot":18,"alexscaves:spawn_egg_nucleeper":1,"spartanweaponry:silver_battleaxe":7,"minecraft:tnt":23,"minecraft:arrow":7,"iceandfire:silver_ingot":4,"minecraft:rotten_flesh":74,"minecraft:pumpkin_pie":49,"aether:chainmail_gloves":17,"minecraft:polished_basalt":3,"minecraft:hay_block":120,"mowziesmobs:umvuthana_mask_bliss":1,"create:asurine":12,"minecraft:gold_ingot":49,"minecraft:skeleton_skull":46,"alexsmobs:lobster_tail":1,"minecraft:cobblestone":149,"minecraft:stripped_oak_log":2,"spartanweaponry:handle":7,"minecraft:black_bed":2,"minecraft:leather":12,"minecraft:potato":4,"artifacts:onion_ring":1,"alexscaves:cave_book":1,"minecraft:flint":1,"minecraft:tuff":8,"create:raw_zinc":52,"minecraft:oak_log":29,"iceandfire:ectoplasm":9,"minecraft:gunpowder":24,"minecraft:cobblestone_stairs":6,"minecraft:lapis_lazuli":118,"minecraft:wooden_hoe":1,"minecraft:dirt":5,"minecraft:lantern":39,"wizards:wand_novice":26,"minecraft:bone":42,"minecraft:chipped_anvil":3,"minecraft:apple":3,"minecraft:wheat_seeds":57,"minecraft:raw_gold":6,"minecraft:iron_ingot":188,"minecraft:stone_pickaxe":4,"minecraft:cobweb":56,"artifacts:kitty_slippers":20,"minecraft:stripped_oak_wood":2,"minecraft:bamboo":36,"minecraft:gray_bed":2,"minecraft:oak_planks":438,"minecraft:book":526,"minecraft:oak_slab":4,"spartanweaponry:iron_saber":26,"spartanweaponry:stone_battle_hammer":13,"minecraft:oak_pressure_plate":1,"minecraft:gravel":10,"minecraft:sand":109,"minecraft:white_bed":1,"minecraft:blast_furnace":6,"minecraft:spruce_log":9,"minecraft:spruce_door":11,"minecraft:spider_eye":15,"minecraft:barrel":10,"alexsmobs:animal_dictionary":21,"travelersbackpack:standard":11,"create:crimsite":4,"minecraft:sugar":1,"minecraft:diamond":19,"minecraft:stone_axe":5,"iceandfire:silver_sword":63,"minecraft:writable_book":1,"minecraft:granite":1,"minecraft:diamond_axe":1,"minecraft:golden_apple":16,"minecraft:bread":39,"minecraft:oak_sapling":25,"minecraft:coal":336,"iceandfire:raw_silver":30,"minecraft:sunflower":3},"minecraft:broken":{"minecraft:shield":1,"minecraft:iron_pickaxe":1,"aether:chainmail_gloves":1},"minecraft:used":{"iceandfire:silver_sword":297,"minecraft:flint_and_steel":7,"minecraft:ladder":6,"minecraft:oak_sign":1,"minecraft:shield":58,"minecraft:rotten_flesh":21,"spartanweaponry:golden_saber":2,"minecraft:torch":62,"mowziesmobs:umvuthana_mask_bliss":1,"minecraft:dirt":5,"artifacts:onion_ring":1,"minecraft:granite":1,"spartanweaponry:stone_battle_hammer":7,"minecraft:lantern":5,"minecraft:iron_axe":14,"minecraft:barrel":4,"minecraft:oak_sapling":1,"minecraft:furnace":2,"minecraft:gray_bed":1,"minecraft:calcite":15,"minecraft:deepslate_brick_wall":7,"minecraft:wheat_seeds":9,"minecraft:cobblestone_stairs":1,"minecraft:oak_planks":2,"minecraft:stone_pickaxe":27,"create:crimsite":4,"minecraft:wooden_pickaxe":16,"minecraft:green_bed":6,"minecraft:netherite_leggings":1,"minecraft:oak_slab":2,"minecraft:crafting_table":4,"minecraft:blast_furnace":3,"wizards:wand_novice":1,"minecraft:white_bed":1,"minecraft:black_bed":1,"minecraft:stone_brick_wall":1,"minecraft:apple":1,"spartanweaponry:iron_saber":48,"minecraft:sunflower":1,"minecraft:bread":6,"minecraft:iron_pickaxe":425,"iceandfire:graveyard_soil":1,"minecraft:oak_pressure_plate":1,"create:asurine":12,"minecraft:gravel":10,"minecraft:stone_axe":34,"travelersbackpack:standard":10,"minecraft:cobblestone":35,"alexsmobs:animal_dictionary":2,"minecraft:pumpkin_pie":4,"minecraft:wither_rose":2,"minecraft:candle":12},"minecraft:custom":{"minecraft:mob_kills":55,"minecraft:interact_with_crafting_table":29,"minecraft:open_barrel":37,"minecraft:leave_game":2,"minecraft:time_since_death":16910,"minecraft:climb_one_cm":12949,"minecraft:sprint_one_cm":288248,"minecraft:walk_one_cm":752113,"minecraft:damage_blocked_by_shield":2550,"minecraft:drop":292,"minecraft:talked_to_villager":1,"minecraft:play_time":211532,"minecraft:deaths":27,"minecraft:sneak_time":1965,"minecraft:walk_under_water_one_cm":793,"minecraft:interact_with_lectern":2,"minecraft:jump":2393,"minecraft:interact_with_blast_furnace":19,"minecraft:walk_on_water_one_cm":7814,"minecraft:total_world_time":211532,"minecraft:interact_with_furnace":10,"minecraft:interact_with_loom":6,"minecraft:sleep_in_bed":8,"minecraft:time_since_rest":16949,"minecraft:waystone_activated":1,"minecraft:damage_taken":8144,"minecraft:trigger_trapped_chest":3,"minecraft:damage_dealt":11386,"minecraft:swim_one_cm":2907,"minecraft:fly_one_cm":326332,"minecraft:open_chest":7,"minecraft:crouch_one_cm":4900,"minecraft:fall_one_cm":62406},"minecraft:crafted":{"minecraft:oak_planks":21,"spartanweaponry:stone_battle_hammer":1,"minecraft:furnace":1,"minecraft:flint_and_steel":1,"spartanweaponry:golden_saber":1,"minecraft:iron_axe":1,"minecraft:stone_pickaxe":1,"spartanweaponry:silver_battleaxe":1,"spartanweaponry:iron_saber":1,"iceandfire:silver_ingot":14,"minecraft:crafting_table":2,"minecraft:wooden_pickaxe":1,"spartanweaponry:handle":6,"minecraft:stone_axe":1,"minecraft:bread":4,"minecraft:air":104,"minecraft:iron_chestplate":1,"minecraft:shield":2,"minecraft:stick":2,"minecraft:iron_pickaxe":2,"minecraft:iron_ingot":45,"minecraft:gold_ingot":6,"minecraft:torch":3,"iceandfire:silver_sword":1},"minecraft:killed":{"alexsmobs:lobster":1,"minecraft:witch":1,"whispering_spirits:whispering_spirit":1,"minecraft:spider":4,"minecraft:skeleton":2,"minecraft:silverfish":2,"minecraft:wandering_trader":1,"minecraft:creeper":5,"minecraft:trader_llama":2,"minecraft:zombie":11,"iceandfire:ghost":4},"minecraft:mined":{"create:zinc_ore":6,"alexscaves:spelunkery_table":1,"create:deepslate_zinc_ore":21,"minecraft:white_bed":1,"iceandfire:silver_ore":14,"minecraft:deepslate_diamond_ore":1,"minecraft:candle":7,"minecraft:cobblestone_stairs":1,"minecraft:granite":1,"minecraft:stone_brick_wall":1,"minecraft:grass_block":4,"minecraft:oak_pressure_plate":1,"minecraft:hay_block":29,"minecraft:smooth_stone":1,"minecraft:furnace":2,"minecraft:carrots":6,"minecraft:iron_ore":27,"minecraft:barrel":4,"minecraft:fire":2,"minecraft:cobbled_deepslate":4,"minecraft:deepslate_lapis_ore":2,"minecraft:pointed_dripstone":2,"minecraft:potatoes":1,"create:asurine":12,"minecraft:polished_deepslate":2,"minecraft:bookshelf":12,"minecraft:deepslate_iron_ore":16,"minecraft:lantern":6,"minecraft:stripped_oak_log":2,"minecraft:bamboo":1,"minecraft:stone":42,"create:limestone":64,"minecraft:green_bed":6,"minecraft:glass_pane":1,"minecraft:deepslate_brick_wall":2,"minecraft:spruce_door":1,"travelersbackpack:standard":2,"minecraft:crafting_table":5,"minecraft:torch":1,"minecraft:blast_furnace":3,"minecraft:melon":1,"minecraft:calcite":80,"iceandfire:ghost_chest":1,"minecraft:cobblestone":8,"minecraft:tall_grass":3,"minecraft:deepslate_coal_ore":5,"minecraft:deepslate_gold_ore":6,"minecraft:wall_torch":36,"minecraft:skeleton_skull":1,"minecraft:chain":9,"minecraft:wheat":16,"minecraft:stripped_oak_wood":2,"minecraft:wither_rose":4,"minecraft:grass":45,"minecraft:oak_log":12,"minecraft:coal_ore":75,"minecraft:cocoa":7,"minecraft:gravel":9,"minecraft:dirt":3,"minecraft:sand":6,"minecraft:sunflower":1,"minecraft:cobweb":11,"minecraft:chipped_anvil":1,"create:crimsite":2,"minecraft:oak_leaves":20,"minecraft:deepslate":43,"minecraft:infested_stone":1},"minecraft:killed_by":{"minecraft:player":1,"minecraft:creeper":2,"minecraft:spider":1,"minecraft:enderman":1,"graveyard:skeleton_creeper":1,"apollyon:the_damned":2,"minecraft:skeleton":6,"minecraft:witch":1,"minecraft:zombie":4,"iceandfire:ghost":7},"minecraft:dropped":{"minecraft:iron_ingot":3,"minecraft:bread":4,"spartanweaponry:handle":6,"minecraft:candle":5,"minecraft:wheat_seeds":6,"minecraft:oak_log":2,"minecraft:tnt":5,"minecraft:deepslate_brick_wall":1,"minecraft:diamond":1,"minecraft:crafting_table":3,"minecraft:iron_helmet":1,"minecraft:cobblestone":3,"minecraft:book":12,"minecraft:lantern":1,"minecraft:black_bed":1,"travelersbackpack:iron_tier_upgrade":2,"iceandfire:ectoplasm":8,"spartanweaponry:golden_saber":4,"travelersbackpack:standard":8,"minecraft:coal":66,"minecraft:golden_apple":1,"minecraft:torch":3,"minecraft:wooden_hoe":1,"iceandfire:silver_sword":34,"minecraft:gray_bed":1,"spartanweaponry:silver_battleaxe":3,"minecraft:wither_rose":1,"minecraft:gold_nugget":8,"minecraft:writable_book":2,"minecraft:pumpkin_pie":3,"minecraft:sunflower":1,"minecraft:iron_axe":6,"minecraft:sand":27,"minecraft:iron_pickaxe":32,"minecraft:paper":2,"minecraft:string":13,"minecraft:bone":1,"minecraft:gold_ingot":2,"minecraft:furnace":3,"minecraft:stone_axe":1,"artifacts:kitty_slippers":3,"alexsmobs:animal_dictionary":4,"minecraft:bowl":1,"alexscaves:cave_tablet":13,"minecraft:green_bed":1,"alexscaves:spawn_egg_nucleeper":1,"minecraft:rotten_flesh":20,"minecraft:oak_planks":54,"spartanweaponry:iron_saber":12,"spartanweaponry:stone_battle_hammer":5,"wizards:wand_novice":12,"minecraft:flint_and_steel":2,"minecraft:blast_furnace":1,"minecraft:potato":1,"minecraft:shield":2,"alexscaves:cave_book":2,"aether:chainmail_gloves":5,"create:limestone":1,"iceandfire:silver_ingot":2,"minecraft:stone_brick_wall":1,"artifacts:onion_ring":1,"minecraft:spider_eye":5,"minecraft:stone_pickaxe":1,"minecraft:wooden_pickaxe":1,"minecraft:raw_gold":3}},"DataVersion":3465}