{"stats":{"minecraft:picked_up":{"minecraft:wheat":11,"minecraft:cocoa_beans":304,"minecraft:crafting_table":10,"minecraft:ladder":6,"alexscaves:cave_tablet":4,"minecraft:stone_brick_wall":2,"minecraft:wither_rose":8,"minecraft:chain":104,"spartanweaponry:golden_saber":3,"minecraft:shield":8,"minecraft:polished_deepslate":16,"minecraft:string":78,"create:limestone":64,"minecraft:iron_axe":10,"minecraft:flint_and_steel":14,"minecraft:oak_sign":1,"iceandfire:graveyard_soil":1,"graveyard:corruption":11,"minecraft:cobbled_deepslate":623,"minecraft:smooth_stone":11,"minecraft:candle":21,"minecraft:gold_nugget":66,"minecraft:iron_pickaxe":33,"minecraft:melon_slice":3,"minecraft:furnace":5,"minecraft:stick":186,"minecraft:raw_iron":26,"iceandfire:dragonbone":28,"minecraft:deepslate_brick_wall":65,"minecraft:torch":97,"minecraft:bowl":2,"minecraft:green_bed":15,"travelersbackpack:iron_tier_upgrade":12,"minecraft:carrot":5,"spartanweaponry:silver_battleaxe":1,"minecraft:tnt":23,"iceandfire:silver_ingot":4,"minecraft:rotten_flesh":57,"minecraft:pumpkin_pie":49,"aether:chainmail_gloves":16,"minecraft:polished_basalt":3,"minecraft:hay_block":54,"create:asurine":11,"minecraft:gold_ingot":34,"minecraft:skeleton_skull":41,"alexsmobs:lobster_tail":1,"minecraft:cobblestone":126,"minecraft:stripped_oak_log":2,"spartanweaponry:handle":3,"minecraft:black_bed":2,"artifacts:onion_ring":1,"alexscaves:cave_book":1,"minecraft:flint":1,"minecraft:tuff":8,"create:raw_zinc":28,"minecraft:oak_log":29,"iceandfire:ectoplasm":9,"minecraft:gunpowder":22,"minecraft:cobblestone_stairs":6,"minecraft:lapis_lazuli":118,"minecraft:wooden_hoe":1,"minecraft:dirt":5,"minecraft:lantern":24,"wizards:wand_novice":23,"minecraft:bone":28,"minecraft:chipped_anvil":3,"minecraft:apple":3,"minecraft:wheat_seeds":46,"minecraft:raw_gold":6,"minecraft:iron_ingot":178,"minecraft:stone_pickaxe":4,"minecraft:cobweb":56,"artifacts:kitty_slippers":15,"minecraft:bamboo":36,"minecraft:gray_bed":2,"minecraft:oak_planks":347,"minecraft:book":526,"minecraft:oak_slab":4,"spartanweaponry:iron_saber":22,"spartanweaponry:stone_battle_hammer":11,"minecraft:gravel":10,"minecraft:sand":109,"minecraft:white_bed":1,"minecraft:blast_furnace":4,"minecraft:spruce_log":9,"minecraft:spruce_door":11,"minecraft:spider_eye":8,"minecraft:barrel":10,"alexsmobs:animal_dictionary":21,"travelersbackpack:standard":10,"create:crimsite":4,"minecraft:sugar":1,"minecraft:diamond":14,"minecraft:stone_axe":5,"iceandfire:silver_sword":43,"minecraft:writable_book":1,"minecraft:diamond_axe":1,"minecraft:golden_apple":11,"minecraft:bread":33,"minecraft:oak_sapling":9,"minecraft:coal":249,"iceandfire:raw_silver":12,"minecraft:sunflower":3},"minecraft:broken":{"minecraft:iron_pickaxe":1},"minecraft:used":{"iceandfire:silver_sword":218,"minecraft:flint_and_steel":7,"minecraft:ladder":6,"minecraft:oak_sign":1,"minecraft:shield":37,"minecraft:rotten_flesh":20,"spartanweaponry:golden_saber":2,"minecraft:torch":34,"minecraft:dirt":5,"artifacts:onion_ring":1,"spartanweaponry:stone_battle_hammer":6,"minecraft:lantern":5,"minecraft:iron_axe":11,"minecraft:barrel":4,"minecraft:oak_sapling":1,"minecraft:furnace":2,"minecraft:gray_bed":1,"minecraft:deepslate_brick_wall":7,"minecraft:cobblestone_stairs":1,"minecraft:oak_planks":2,"minecraft:stone_pickaxe":27,"create:crimsite":4,"minecraft:wooden_pickaxe":16,"minecraft:green_bed":4,"minecraft:oak_slab":2,"minecraft:crafting_table":3,"minecraft:blast_furnace":2,"wizards:wand_novice":1,"minecraft:white_bed":1,"minecraft:black_bed":1,"minecraft:stone_brick_wall":1,"minecraft:apple":1,"spartanweaponry:iron_saber":48,"minecraft:sunflower":1,"minecraft:bread":3,"minecraft:iron_pickaxe":263,"iceandfire:graveyard_soil":1,"create:asurine":11,"minecraft:gravel":10,"minecraft:stone_axe":34,"travelersbackpack:standard":9,"minecraft:cobblestone":3,"alexsmobs:animal_dictionary":2,"minecraft:pumpkin_pie":4,"minecraft:wither_rose":2,"minecraft:candle":12},"minecraft:custom":{"minecraft:mob_kills":39,"minecraft:interact_with_crafting_table":26,"minecraft:open_barrel":37,"minecraft:leave_game":2,"minecraft:time_since_death":10313,"minecraft:climb_one_cm":12949,"minecraft:sprint_one_cm":217039,"minecraft:walk_one_cm":577216,"minecraft:damage_blocked_by_shield":1245,"minecraft:drop":234,"minecraft:play_time":157532,"minecraft:deaths":21,"minecraft:sneak_time":1006,"minecraft:walk_under_water_one_cm":280,"minecraft:interact_with_lectern":2,"minecraft:jump":1744,"minecraft:interact_with_blast_furnace":12,"minecraft:walk_on_water_one_cm":5871,"minecraft:total_world_time":157532,"minecraft:interact_with_furnace":10,"minecraft:interact_with_loom":6,"minecraft:sleep_in_bed":7,"minecraft:time_since_rest":10351,"minecraft:waystone_activated":1,"minecraft:damage_taken":6412,"minecraft:trigger_trapped_chest":3,"minecraft:damage_dealt":8507,"minecraft:swim_one_cm":1628,"minecraft:fly_one_cm":237044,"minecraft:open_chest":4,"minecraft:crouch_one_cm":2362,"minecraft:fall_one_cm":41004},"minecraft:crafted":{"minecraft:oak_planks":17,"spartanweaponry:stone_battle_hammer":1,"minecraft:furnace":1,"minecraft:flint_and_steel":1,"spartanweaponry:golden_saber":1,"minecraft:iron_axe":1,"minecraft:stone_pickaxe":1,"spartanweaponry:silver_battleaxe":1,"spartanweaponry:iron_saber":1,"iceandfire:silver_ingot":5,"minecraft:crafting_table":2,"minecraft:wooden_pickaxe":1,"spartanweaponry:handle":6,"minecraft:stone_axe":1,"minecraft:bread":4,"minecraft:air":87,"minecraft:iron_chestplate":1,"minecraft:shield":1,"minecraft:stick":2,"minecraft:iron_pickaxe":2,"minecraft:iron_ingot":25,"minecraft:gold_ingot":6,"minecraft:torch":3,"iceandfire:silver_sword":1},"minecraft:killed":{"alexsmobs:lobster":1,"minecraft:witch":1,"minecraft:spider":4,"minecraft:silverfish":2,"minecraft:creeper":3,"minecraft:zombie":8,"iceandfire:ghost":4},"minecraft:mined":{"create:zinc_ore":6,"alexscaves:spelunkery_table":1,"create:deepslate_zinc_ore":21,"minecraft:white_bed":1,"iceandfire:silver_ore":5,"minecraft:deepslate_diamond_ore":1,"minecraft:candle":7,"minecraft:cobblestone_stairs":1,"minecraft:stone_brick_wall":1,"minecraft:grass_block":2,"minecraft:hay_block":18,"minecraft:smooth_stone":1,"minecraft:furnace":2,"minecraft:carrots":2,"minecraft:barrel":4,"minecraft:fire":2,"minecraft:cobbled_deepslate":4,"minecraft:deepslate_lapis_ore":2,"create:asurine":11,"minecraft:polished_deepslate":2,"minecraft:bookshelf":12,"minecraft:deepslate_iron_ore":16,"minecraft:lantern":6,"minecraft:stripped_oak_log":2,"minecraft:bamboo":1,"minecraft:stone":25,"create:limestone":64,"minecraft:green_bed":5,"minecraft:deepslate_brick_wall":2,"minecraft:spruce_door":1,"travelersbackpack:standard":2,"minecraft:crafting_table":4,"minecraft:torch":1,"minecraft:blast_furnace":3,"minecraft:melon":1,"minecraft:calcite":1,"iceandfire:ghost_chest":1,"minecraft:tall_grass":3,"minecraft:deepslate_coal_ore":5,"minecraft:deepslate_gold_ore":6,"minecraft:wall_torch":27,"minecraft:skeleton_skull":1,"minecraft:chain":9,"minecraft:wheat":12,"minecraft:wither_rose":4,"minecraft:grass":38,"minecraft:oak_log":12,"minecraft:coal_ore":59,"minecraft:cocoa":7,"minecraft:gravel":9,"minecraft:dirt":3,"minecraft:sand":6,"minecraft:sunflower":1,"minecraft:cobweb":11,"minecraft:chipped_anvil":1,"create:crimsite":2,"minecraft:oak_leaves":20,"minecraft:deepslate":43,"minecraft:infested_stone":1},"minecraft:killed_by":{"minecraft:player":1,"minecraft:creeper":2,"minecraft:spider":1,"graveyard:skeleton_creeper":1,"apollyon:the_damned":1,"minecraft:skeleton":3,"minecraft:witch":1,"minecraft:zombie":4,"iceandfire:ghost":7},"minecraft:dropped":{"minecraft:iron_ingot":3,"minecraft:bread":3,"spartanweaponry:handle":2,"minecraft:candle":5,"minecraft:wheat_seeds":4,"minecraft:oak_log":2,"minecraft:tnt":5,"minecraft:deepslate_brick_wall":1,"minecraft:diamond":1,"minecraft:crafting_table":2,"minecraft:iron_helmet":1,"minecraft:cobblestone":1,"minecraft:book":4,"minecraft:lantern":1,"minecraft:black_bed":1,"travelersbackpack:iron_tier_upgrade":1,"iceandfire:ectoplasm":8,"spartanweaponry:golden_saber":4,"travelersbackpack:standard":7,"minecraft:coal":66,"minecraft:torch":2,"minecraft:wooden_hoe":1,"iceandfire:silver_sword":22,"minecraft:gray_bed":1,"spartanweaponry:silver_battleaxe":1,"minecraft:gold_nugget":8,"minecraft:writable_book":2,"minecraft:pumpkin_pie":3,"minecraft:sunflower":1,"minecraft:iron_axe":3,"minecraft:sand":27,"minecraft:iron_pickaxe":23,"minecraft:paper":2,"minecraft:string":13,"minecraft:gold_ingot":2,"minecraft:furnace":3,"minecraft:stone_axe":1,"artifacts:kitty_slippers":3,"alexsmobs:animal_dictionary":4,"minecraft:bowl":1,"alexscaves:cave_tablet":13,"minecraft:green_bed":1,"minecraft:rotten_flesh":16,"minecraft:oak_planks":53,"spartanweaponry:iron_saber":12,"spartanweaponry:stone_battle_hammer":2,"wizards:wand_novice":12,"minecraft:flint_and_steel":2,"minecraft:blast_furnace":1,"minecraft:shield":1,"alexscaves:cave_book":2,"aether:chainmail_gloves":5,"iceandfire:silver_ingot":2,"minecraft:stone_brick_wall":1,"artifacts:onion_ring":1,"minecraft:spider_eye":2,"minecraft:stone_pickaxe":1,"minecraft:wooden_pickaxe":1,"minecraft:raw_gold":3}},"DataVersion":3465}